gpa,credit,time,difficulty,points
4,2,3,2,4
4,1,3,3,4
4,1,3,2,4
4,1,3,3,4
4,1,3,5,4
4,1,3,2,4
4,1,3,2,4
4,1,3,3,4
4,2,3,1,4
4,2,3,5,4
4,2,3,3,4
4,3,3,4,4
4,3,3,4,4
4,2,3,5,4
4,4,3,3,4
4,4,3,2,4
4,4,3,3,4
4,4,3,2,4
4,2,3,1,4
4,1,3,5,4
4,1,3,2,4
4,1,3,4,4
4,2,3,1,4
4,1,3,1,4
4,2,3,4,4
4,1,3,2,4
4,1,3,3,4
4,4,3,5,4
4,1,3,3,4
4,2,3,3,4
4,1,3,3,4
4,1,3,3,4
4,2,3,3,4
4,1,3,1,4
4,4,3,1,4
4,4,3,2,4
4,4,3,3,4
4,4,3,2,4
4,1,3,2,4
4,2,3,4,4
4,1,3,1,4
4,3,3,1,4
4,1,3,3,4
4,2,3,3,4
4,5,3,5,4
4,3,3,4,4
4,1,3,4,4
4,1,3,4,4
4,1,3,1,4
4,2,3,3,4
4,1,3,5,4
4,1,3,2,4
4,1,3,4,4
4,1,3,4,4
4,2,3,4,4
4,1,3,5,4
4,1,3,1,4
4,1,3,3,4
4,2,3,1,4
4,3,3,4,4
4,1,3,2,4
4,2,3,1,4
4,1,3,1,4
4,1,3,5,4
4,1,3,5,4
4,1,3,3,4
4,1,3,2,4
4,2,3,2,4
4,1,3,3,4
4,2,3,2,4
4,2,3,3,4
4,3,3,2,4
4,2,3,1,4
4,2,3,5,4
4,2,3,3,4
4,6,3,5,4
4,1,3,5,4
4,4,3,2,4
4,4,3,3,4
4,3,3,3,4
4,1,3,2,4
4,3,3,4,4
4,1,3,4,4
4,1,3,5,4
4,2,3,2,4
4,3,3,5,4
4,4,3,5,4
4,2,3,1,4
4,4,3,1,4
4,3,3,3,4
4,2,3,5,4
4,3,3,1,4
4,2,3,2,4
4,2,3,1,4
4,1,3,2,4
4,1,3,3,4
4,2,3,1,4
4,3,3,3,4
4,1,3,1,4
4,1,3,4,4
4,1,3,2,4
4,1,3,4,4
4,1,3,2,4
4,1,3,2,4
4,4,3,5,4
4,3,3,1,4
4,4,3,3,4
4,1,3,1,4
4,3,3,3,4
4,2,3,2,4
4,4,3,2,4
4,1,3,1,4
4,1,3,5,4
4,4,3,5,4
4,2,3,3,4
4,4,3,1,4
4,3,3,4,4
4,1,3,5,4
4,3,3,1,4
4,1,3,1,4
4,3,3,2,4
4,4,3,5,4
4,2,3,2,4
4,1,3,2,4
4,1,3,1,4
4,1,3,3,4
4,5,3,2,4
4,5,3,1,4
4,1,3,5,4
4,1,3,2,4
4,5,3,3,4
4,5,3,4,4
4,3,3,3,4
4,3,3,5,4
4,1,3,1,4
4,1,3,5,4
4,3,3,3,4
4,5,3,5,4
4,3,3,5,4
4,5,3,2,4
4,3,3,5,4
4,2,3,1,4
4,4,3,1,4
4,4,3,5,4
4,3,3,2,4
4,4,3,1,4
4,1,3,2,4
4,1,3,1,4
4,1,3,3,4
4,3,3,2,4
4,3,3,4,4
4,3,3,2,4
4,3,3,5,4
4,4,3,2,4
4,3,3,3,4
4,2,3,1,4
3.23,1,2.75,2,3
3.23,1,2.5,2,2.5
3.23,4,3.75,4,3
3.23,1,2.75,3,3
3.23,1,2.25,3,3
3.23,1,4.75,5,3
3.23,1,2.75,2,3
3.23,4,2.75,2,3.5
3.23,4,3.25,4,3.5
3.23,2,4.5,4,3.5
3.23,1,2.25,3,3.5
3.23,1,2,3,3.5
3.37,6,4.25,4,3
3.37,1,2.25,3,3.5
3.37,3,2.25,2,3.5
3.37,1,2.25,5,3
3.37,1,2.25,1,4
3.37,4,2.5,2,3.5
3.37,4,2.25,1,3.5
3.37,4,3.75,4,3.5
3.92,1,2.25,4,3.5
3.92,2,2.75,2,4
3.92,3,2.25,4,4
3.92,1,2.75,5,4
3.92,1,2.75,2,4
3.92,2,2,4,3.5
3.92,5,4.5,4,4
3.92,4,2,1,4
3.65,4,2.25,4,3.5
3.65,1,2.5,1,3.5
3.65,3,2.5,2,3.5
3.65,5,3.75,4,4
3.65,2,2.5,3,3.5
3.65,1,2.5,3,3
3.42,2,2,3,3.5
3.42,4,2.5,3,3
3.42,4,2,1,3.5
3.42,2,2.75,4,3.5
3.42,5,2.25,3,4
3.42,5,2.25,5,3
3.6,1,2.5,1,4
3.6,1,2.5,4,4
3.6,3,3.25,4,4
3.6,1,2.75,1,4
3.6,3,2.5,1,3
3.6,3,2.5,2,3.5
3.6,1,2.25,2,3
3.6,3,2.25,1,3.5
3.66,1,2.5,3,4
3.66,3,2,5,3.5
3.66,1,2.25,2,4
3.66,1,2.5,1,3.5
3.66,1,2.25,3,3.5
3.66,2,2,2,4
3.66,3,2,5,3.5
3.66,1,2.5,4,3
3.66,1,3.25,5,4
3.66,1,2.25,4,3.5
3.66,1,4.25,5,4
3.35,3,5,5,3.5
3.35,3,4.5,4,3.5
3.35,6,2.5,2,3
3.35,4,3.25,5,3.5
3.35,1,2.75,5,3.5
3.35,1,3.75,5,3.5
3.35,1,4.5,5,3.5
3.1,1,4,4,3
3.1,2,2.75,4,3
3.1,3,3.5,4,3
3.1,2,2.25,2,3
3.1,2,2.5,3,3
3.1,2,2.25,4,3
3.1,1,2.5,1,3
3.1,4,4.25,4,3.5
3.99,6,2.5,1,4
3.99,5,2.25,3,4
3.99,2,2,3,4
3.99,3,2.25,1,4
3.99,1,2.5,4,4
3.99,2,2.5,2,4
3.82,3,2.25,3,4
3.82,6,2.5,1,4
3.82,3,2,1,3.5
3.82,3,2.5,5,3.5
3.82,2,2.25,5,4
3.82,3,2,1,4
3.82,4,2.25,4,3.5
3.13,2,2.5,1,2.5
3.13,4,3.25,4,3
3.13,1,4.25,5,4
3.13,3,2.25,3,3.5
3.13,5,2.75,4,3
3.13,1,4.75,4,3.5
3.13,2,2.5,4,3
3.25,1,3.25,5,3.5
3.25,3,2.5,3,3.5
3.25,1,2.25,5,2.5
3.25,1,2.25,1,4
3.25,5,2,3,3
3.25,5,2.75,3,3
3.25,3,4.25,5,3.5
3.25,2,2,2,3.5
3.25,1,2.25,3,3.5
3.4,1,2.5,2,3
3.4,1,3,4,3.5
3.4,1,2.25,2,3
3.4,3,3.25,5,3.5
3.4,1,3.25,4,4
3.4,1,2.75,1,3
3.4,3,2,3,3.5
3.4,1,2.5,2,3.5
3.4,2,2,1,3
3.4,1,3.25,4,3.5
3.4,1,4,5,4
3.4,2,2.5,1,3.5
3.55,2,2.5,4,3
3.55,1,2.25,3,3
3.55,1,2.75,4,3
3.55,1,2.5,2,3
3.55,1,2.75,5,3
3.55,4,3.75,5,4
3.55,1,2.75,4,3
3.55,4,2.5,1,4
3.55,1,2,3,4
3.55,1,2.25,5,3
3.55,1,3.5,5,4
3.55,1,2.25,2,4
3.8,1,2.75,3,4
3.8,1,4.75,5,4
3.8,3,2.75,1,4
3.8,4,2.5,4,3.5
3.8,1,2.5,2,4
3.8,2,2.5,2,4
3.8,3,4.75,4,4
3.8,2,2.5,2,4
3.8,2,2.5,3,4
3.8,2,2.5,5,3
3.96,1,2,3,4
3.96,2,2.5,1,4
3.96,2,2.75,1,4
3.96,2,2.5,2,4
3.96,3,2.5,1,4
3.96,1,2,5,3.5
3.96,4,2.5,3,4
3.96,2,2,2,4
3.96,1,2.25,1,4
3.96,3,2.25,2,4
3.96,3,2.25,1,4
3.23,1,3.5,5,3.5
3.23,2,2.25,1,3
3.23,1,2.25,2,3
3.23,4,2.75,1,2.5
3.23,1,4.25,5,3.5
3.23,3,2.5,2,3.5
3.23,3,4.25,5,4
3.23,3,3.75,4,3.5
3.23,3,2.75,2,3
3.28,1,2.25,3,3.5
3.28,1,2.25,3,2.5
3.28,1,2.25,2,2.5
3.28,1,2.75,2,3.5
3.28,2,2.25,1,3
3.28,1,2.25,2,2.5
3.28,4,2.75,3,3.5
3.28,1,2.5,2,2.5
3.28,4,2.5,2,3.5
3.28,4,3.25,5,3.5
3.28,1,2,1,3.5
3.84,1,2.25,1,4
3.84,1,4,4,4
3.84,3,2.75,3,3.5
3.84,1,2,5,3.5
3.84,3,2.5,2,4
3.84,3,2.5,1,4
3.84,1,2.5,3,4
3.84,2,2.25,3,3.5
3.84,1,2,1,4
3.84,1,2.25,2,4
3.84,1,2.75,2,3.5
3.59,2,2.5,4,3
3.59,5,2.75,5,3.5
3.59,4,2.5,3,4
3.59,1,2.5,1,3
3.59,3,2.5,2,4
3.59,4,2.25,1,3.5
3.59,2,2.5,1,3.5
3.46,1,3,4,4
3.46,1,2.5,2,4
3.46,3,3.25,4,4
3.46,1,2.5,4,3
3.46,1,2.5,1,4
3.46,3,2.75,2,4
3.46,4,2.75,1,3
3.46,4,2.25,2,3.5
3.46,1,2.75,5,3
3.46,5,2.25,5,3
3.06,1,4.5,4,2.5
3.06,3,4,5,2.5
3.06,3,2.5,1,3
3.06,5,3.5,4,3
3.06,2,3,4,3.5
3.06,5,4.25,5,3.5
3.89,3,2.25,1,4
3.89,3,3,4,4
3.89,1,2,5,3.5
3.89,2,2,5,4
3.89,5,2.25,3,4
3.89,5,2.5,3,3.5
3.67,2,2.5,3,3.5
3.67,2,3.5,4,4
3.67,2,2.75,4,3.5
3.67,1,2.5,3,4
3.67,4,2.25,2,3.5
3.67,6,2.75,1,3.5
3.67,5,2.25,3,4
3.54,1,2.25,2,4
3.54,1,2,3,4
3.54,1,2,2,4
3.54,1,2.75,4,3.5
3.54,1,2.75,2,3
3.54,2,2.5,1,4
3.54,1,2.25,5,3.5
3.54,3,2.5,3,3.5
3.54,5,2.5,1,3.5
3.54,4,2.25,4,3
3.54,2,2.75,4,3.5
3.7,1,2.25,3,3.5
3.7,1,2.25,1,4
3.7,2,2.75,4,3.5
3.7,2,2.5,1,4
3.7,1,2.75,2,4
3.7,2,2,3,4
3.7,5,2.75,2,3.5
3.7,2,2.5,2,3
3.7,1,2.25,2,3.5
3.7,4,4.75,5,4
3.7,1,2,3,4
3.7,1,1.25,4,3.5
3.7,3,2.25,4,4
3.7,1,2,3,3
3.7,2,1.75,3,4
3.7,4,2.25,4,3.5
3.7,2,1.75,2,3.5
3.7,2,1.25,1,4
3.7,4,2,5,3.5
3.27,1,1.25,2,3
3.27,2,1,1,2.5
3.27,3,2,2,3.5
3.27,1,1.5,1,3
3.27,1,1.25,3,2.5
3.27,1,3.25,5,3
3.27,2,1.75,4,2.5
3.27,2,1.5,2,3
3.27,4,1.5,3,4
3.27,2,2,1,4
3.27,3,1.5,5,3
3.27,2,1.25,2,4
3.9,1,1.75,1,4
3.9,4,1,3,4
3.9,1,1.75,5,4
3.9,4,3.75,5,4
3.9,4,1,1,4
3.9,5,1,4,3.5
3.9,1,1.5,4,3.5
3.28,1,4,5,3.5
3.28,3,2,1,2.5
3.28,2,2.5,4,3
3.28,1,3.75,4,3.5
3.28,3,2.5,5,3.5
3.28,3,2.25,2,3.5
3.28,3,2.25,4,3.5
3.39,4,3.5,4,3
3.39,1,1.75,5,3
3.39,4,2,2,3.5
3.39,1,1.25,3,3.5
3.39,1,1.75,2,3
3.39,3,1.75,2,3.5
3.39,3,2.5,4,3.5
3.39,2,2.5,4,3.5
3.39,1,2,3,3.5
3.39,1,3.75,4,4
3.39,1,3,4,4
3.79,2,2,5,4
3.79,4,1.5,3,4
3.79,6,1.25,1,3.5
3.79,2,2.25,1,3.5
3.79,5,1,2,4
3.79,1,1.25,1,3.5
3.79,3,1.75,3,4
3.4,6,1.75,1,3
3.4,4,2,2,4
3.4,3,1.25,3,3.5
3.4,3,1.75,2,3
3.4,5,1.25,3,3.5
3.4,3,2.75,5,3.5
3.34,1,3.75,5,3.5
3.34,2,2.25,3,2.5
3.34,2,2,2,2.5
3.34,1,1.75,2,4
3.34,1,2.25,1,4
3.34,2,2,2,3.5
3.34,2,2.25,2,4
3.34,1,2.25,3,3.5
3.34,2,1.75,2,3.5
3.34,1,1,3,3.5
3.34,1,3.25,4,3.5
3.22,1,4.25,4,3
3.22,1,1.75,3,3
3.22,2,1.5,2,2.5
3.22,3,2.5,5,3
3.22,1,4.25,4,3
3.22,3,3.25,4,3
3.22,2,4,4,4
3.22,1,1.75,2,3.5
3.22,1,2,4,3
3.22,1,3.25,5,3.5
3.22,3,1.5,3,3.5
3.83,1,2,3,4
3.83,3,1.25,1,4
3.83,3,2,4,4
3.83,1,2.75,4,4
3.83,1,1.75,2,3.5
3.83,1,2.25,1,4
3.83,1,1.5,5,4
3.83,1,1.75,3,4
3.83,3,2,5,3.5
3.83,3,2.25,5,3.5
3.34,3,2.25,2,2.5
3.34,1,1.5,1,3
3.34,4,2,1,3.5
3.34,1,1.75,1,3.5
3.34,1,2.25,3,3
3.34,4,1,1,3.5
3.34,4,2.25,5,3.5
3.34,1,3.5,4,4
3.8,3,2,4,4
3.8,6,1,1,3.5
3.8,3,1.5,2,3.5
3.8,3,2.5,5,4
3.8,2,2,2,4
3.8,3,2.25,3,4
3.8,2,2.25,2,4
3.8,4,1.25,1,4
3.8,5,1,1,3.5
3.8,4,4.25,4,4
3.8,4,1.75,2,4
3.8,3,2.25,3,4
3.8,3,1.5,3,3
3.03,1,3.25,5,3.5
3.03,1,4,5,3
3.03,1,2.25,1,3
3.03,2,2.75,4,3
3.03,1,1.75,3,3.5
3.03,2,1.5,5,2.5
3.03,2,2,4,2.5
3.03,1,1.75,3,2.5
3.03,2,1.25,2,3.5
3.03,1,1.5,1,3
3.03,1,1.25,2,3.5
3.03,2,3.25,5,3.5
3.4,2,1.75,1,4
3.4,3,1.75,1,4
3.4,1,1.5,2,3
3.4,2,1.5,2,3.5
3.4,1,1.5,1,3
3.4,1,1,4,3
3.4,1,2.25,4,3
3.4,2,4.25,4,4
3.4,3,1.25,5,3
3.4,2,3.75,4,3.5
3.4,4,2.25,1,3
3.69,2,1.75,1,4
3.69,5,1.75,2,3.5
3.69,1,1.25,2,4
3.69,1,1,5,3.5
3.69,2,3.25,5,4
3.69,3,1.75,1,3.5
3.69,3,1.25,3,4
3.69,2,1,5,3.5
3.69,5,1.75,3,3.5
3.12,1,2.25,4,2.5
3.12,1,2,3,3.5
3.12,1,1.25,3,3.5
3.12,1,1.5,4,2.5
3.12,1,2.75,4,3
3.12,3,2.5,4,3.5
3.12,1,2.25,5,2.5
3.12,4,1.5,3,3
3.12,1,2.5,4,3.5
3.12,1,1,2,3.5
3.12,1,3.25,5,3.5
3.15,1,1.5,2,3
3.15,1,1.5,2,3
3.15,2,1.75,1,3
3.15,3,1.75,3,3
3.15,3,1.25,3,3
3.15,2,3.25,4,3
3.15,2,2,2,2.5
3.15,5,3.75,4,3.5
3.15,3,3.25,5,3.5
3.06,1,4,5,3
3.06,2,1.5,4,2.5
3.06,1,2,1,3.5
3.06,6,3.75,5,3
3.06,2,2.25,3,3
3.06,1,1,1,3
3.06,2,3.25,5,3.5
3.06,2,4.25,4,3.5
3.06,2,2.25,4,3
3.81,2,1.75,1,4
3.81,1,1.25,4,4
3.81,4,1.25,4,4
3.81,4,1.5,3,4
3.81,2,1.25,2,3.5
3.81,3,1.5,5,3.5
3.73,4,2,3,4
3.73,4,2,3,4
3.73,5,1.25,4,4
3.73,1,1.25,5,3.5
3.73,3,1.25,3,3.5
3.73,3,1,5,3.5
3.95,4,1.75,4,4
3.95,1,2.5,5,4
3.95,3,2,5,3.5
3.95,2,2,1,4
3.95,3,1.25,3,4
3.95,3,1.25,4,4
3.95,1,3,4,4
3.84,3,1.5,3,4
3.84,1,1.5,2,3.5
3.84,1,1.5,4,4
3.84,3,4,5,4
3.84,1,2,3,4
3.84,1,1.5,5,3.5
3.84,4,4.5,4,4
3.84,3,2,3,4
3.84,4,1.75,2,3.5
3.84,1,1.25,2,4
3.84,2,1.5,2,3.5
3.24,3,2.75,5,4
3.24,1,1.75,3,3.5
3.24,2,1.75,1,3
3.24,4,2.25,1,3.5
3.24,6,2.25,1,3
3.24,2,1.5,2,3
3.24,6,1.75,5,3
3.8,1,1.75,1,4
3.8,1,1.75,1,4
3.8,1,1.5,5,4
3.8,1,2,1,4
3.8,1,2,2,3.5
3.8,3,1.5,2,4
3.8,2,1.5,2,4
3.8,3,1,5,4
3.8,3,1,4,4
3.8,4,1.5,3,3
3.14,3,3.75,5,3
3.14,1,1.25,1,3.5
3.14,2,1.75,2,3
3.14,4,1.75,2,2.5
3.14,2,2.25,4,2.5
3.14,1,4,5,3
3.14,1,3,4,3.5
3.14,1,2,3,2.5
3.14,1,1,3,3
3.14,4,1,3,4
3.14,3,2.5,5,3.5
3.14,1,2.5,5,3.5
3.93,2,1.25,1,4
3.93,2,2.25,5,4
3.93,4,1.5,1,4
3.93,1,1.25,2,4
3.93,4,1.25,5,4
3.93,3,1.25,2,4
3.93,4,1.75,3,4
3.93,4,1.75,1,3.5
3.38,1,2.25,1,4
3.38,1,1.5,3,3.5
3.38,1,4,4,4
3.38,3,2,1,3.5
3.38,1,1,5,3
3.38,2,2,2,3.5
3.38,3,2.25,5,3
3.38,2,1,5,3
3.38,2,1.25,2,3.5
3.38,3,1.25,1,3
3.38,4,1.75,2,3.5
3.42,4,1.25,2,3
3.42,3,2,1,3.5
3.42,3,1.25,3,3.5
3.42,1,3,4,4
3.42,1,2.25,5,3.5
3.42,1,2,1,3
3.42,1,2,2,4
3.42,2,1.5,3,3.5
3.76,2,1.75,5,3.5
3.76,2,3.5,4,4
3.76,4,1.25,3,4
3.76,6,1.75,2,4
3.76,2,1.75,3,3.5
3.76,1,2,4,3
3.76,3,3.25,4,4
3.54,4,4.5,4,4
3.54,2,1.25,3,3
3.54,1,2,1,3
3.54,3,1.75,1,3.5
3.54,2,1.5,2,4
3.54,5,2.25,5,3.5
3.54,1,3.25,4,3.5
3.54,3,1.5,1,3.5
3.54,3,4.25,4,3.5
3.54,4,2.25,5,3
3.54,4,3,5,3.5
3.54,4,3,5,4
3.54,3,2,5,3.5
3.57,1,1.75,2,3.5
3.57,1,1.5,1,4
3.57,3,2.25,5,3.5
3.57,3,1.25,3,3.5
3.57,1,2.25,5,3.5
3.57,1,1,2,3.5
3.57,1,2.25,3,3.5
3.57,1,2,3,3.5
3.57,3,1.5,1,4
3.57,1,1.25,1,3
3.11,2,2,3,3.5
3.11,3,1.75,3,2.5
3.11,2,2.25,2,3
3.11,2,2.25,3,2.5
3.11,5,1.75,3,3.5
3.11,6,4,4,3
3.11,2,1.25,3,3.5
3.6,4,1.75,1,3.5
3.6,1,4,4,4
3.6,1,2.25,5,3.5
3.6,1,1.5,1,3
3.6,2,2,5,3.5
3.6,3,1.5,3,3.5
3.6,1,1.75,3,4
3.6,2,1.75,3,3.5
3.6,1,1.75,1,3.5
3.6,1,1.25,2,4
3.6,2,1.5,5,3
3.6,4,2,2,4
3.25,1,4.25,4,3.5
3.25,1,1.25,2,3
3.25,1,1.5,3,3
3.25,1,1.5,3,3.5
3.25,1,1.5,3,3
3.25,4,1.5,3,3.5
3.25,4,2,1,3
3.25,3,1.25,1,3.5
3.25,1,2,1,3.5
3.25,1,2,3,3
3.28,2,1.25,2,3.5
3.28,1,2,4,2.5
3.28,1,3.75,4,3
3.28,1,1.75,4,2.5
3.28,1,4.5,4,3.5
3.28,1,2,2,3
3.28,1,2.5,4,3.5
3.28,2,1.25,1,3
3.28,1,3,5,4
3.28,1,1.75,1,3.5
3.28,3,2,3,3.5
3.28,1,1.5,2,3.5
3.55,2,1.75,3,4
3.55,1,2,3,4
3.55,4,1.25,4,3.5
3.55,1,1.75,4,3.5
3.55,4,1.75,4,3
3.55,2,1.75,5,3.5
3.55,1,2,2,4
3.55,2,1.5,1,3.5
3.55,3,2.25,3,4
3.55,1,1.75,2,4
3.16,5,2,3,2.5
3.16,4,1.75,1,3.5
3.16,5,1.75,3,3.5
3.16,1,1.25,4,3
3.16,3,1.75,2,3.5
3.16,5,1,2,3
3.96,3,2,1,3.5
3.96,1,2,1,4
3.96,2,2.25,1,4
3.96,3,1.75,1,4
3.96,3,2,5,4
3.96,1,1.5,2,4
3.96,1,2,3,4
3.96,5,1,4,4
3.96,2,2,1,4
3.54,1,1.25,5,4
3.54,1,4.25,4,4
3.54,4,1.5,5,3.5
3.54,1,1,3,4
3.54,4,2,3,3.5
3.54,4,1.25,1,4
3.54,1,2,3,3
3.54,1,2,3,3.5
3.54,3,1,1,3
3.93,4,2,1,4
3.93,1,2,1,4
3.93,1,2,5,4
3.93,1,1.25,5,4
3.93,2,1.25,5,4
3.93,1,1.5,5,4
3.93,1,4,4,4
3.93,4,1.5,4,4
3.93,2,1.5,3,4
3.93,5,1.25,4,4
3.93,1,1.75,2,4
3.15,2,2,4,3
3.15,1,3.25,5,3
3.15,1,2,1,3.5
3.15,4,1.5,1,3
3.15,3,1.25,3,3.5
3.15,1,1.25,1,3.5
3.15,4,1.25,4,3
3.38,1,1.75,1,4
3.38,3,1.5,5,3.5
3.38,1,2,1,4
3.38,1,1.75,2,4
3.38,3,1.75,1,3
3.38,4,1.5,2,3.5
3.38,4,1,2,3
3.38,1,1.25,1,3
3.13,2,1.75,2,2.5
3.13,1,2,1,3
3.13,1,1.75,3,2.5
3.13,1,1.5,2,2.5
3.13,3,3.75,5,3
3.13,2,1.25,2,3
3.13,3,4.25,5,3.5
3.13,2,2,2,3
3.13,1,1.75,5,3
3.13,4,2.25,5,3.5
3.13,3,3.25,4,3.5
3.28,1,2.75,4,3.5
3.28,4,1.75,3,2.5
3.28,3,3.25,4,3
3.28,5,1.5,2,3.5
3.28,5,1.5,1,3.5
3.28,3,2.25,2,3.5
3.34,2,1.5,5,2.5
3.34,1,1.25,2,3
3.34,1,3.25,5,3.5
3.34,1,3.75,5,4
3.34,2,3.25,4,3.5
3.34,3,4.25,4,3.5
3.34,2,2,3,3
3.34,4,2.75,5,3.5
3.34,2,1.5,1,3.5
3.34,5,1.75,1,3.5
3.22,1,1.5,3,3
3.22,1,2.25,2,2.5
3.22,2,1,2,2.5
3.22,2,2.25,5,3
3.22,2,1.75,4,3
3.22,2,4.25,5,3.5
3.22,1,2,3,3
3.22,3,1.5,1,4
3.22,4,1.5,2,3
3.22,3,4,4,3.5
3.22,1,2.25,3,3.5
3.57,4,1.75,2,3.5
3.57,2,1.25,5,3
3.57,2,1.5,1,3.5
3.57,1,2,2,3.5
3.57,3,1.25,3,3.5
3.57,1,1,5,3.5
3.57,1,1,3,3.5
3.57,4,3.25,5,4
3.88,2,1.25,2,4
3.88,2,1.75,3,4
3.88,3,1,2,4
3.88,1,1.5,3,4
3.88,1,1.25,1,4
3.88,1,1.5,2,4
3.88,1,2,3,3.5
3.88,1,1.5,5,4
3.88,2,1.75,5,3.5
3.88,1,2.25,4,4
3.88,1,1.5,4,3.5
3.87,2,1.25,1,4
3.87,2,2,3,4
3.87,4,1.75,5,4
3.87,4,1.25,2,4
3.87,5,4,5,4
3.87,3,2,4,3
3.31,1,2.5,4,3
3.31,1,1.5,3,3
3.31,1,1,4,2.5
3.31,1,3.75,5,3
3.31,2,1.5,2,3.5
3.31,1,1.75,3,3
3.31,1,1.25,1,2.5
3.31,4,1.75,1,3
3.31,4,2,2,3.5
3.31,4,3,4,4
3.23,2,1.25,5,3
3.23,5,1.25,2,2.5
3.23,1,1.75,2,3.5
3.23,4,1.5,1,3.5
3.23,2,4.5,5,3.5
3.23,3,3.25,4,4
3.36,2,2.5,5,3.5
3.36,1,1.75,1,3
3.36,2,2.5,4,3
3.36,1,1.5,2,2.5
3.36,1,2.25,5,3
3.36,3,2,5,3
3.36,2,1.75,3,3
3.36,1,1.25,5,3
3.36,5,1.75,3,3.5
3.36,6,2.5,5,4
3.35,4,1.25,3,3.5
3.35,2,2.5,4,3
3.35,2,3.25,4,3
3.35,1,2.25,5,3.5
3.35,1,1.25,2,3.5
3.35,1,2,2,3
3.35,1,2.5,5,3.5
3.35,3,2.25,2,3.5
3.35,4,3.5,5,3.5
3.35,1,3.75,4,4
3.14,3,1,3,2.5
3.14,3,1.75,2,3
3.14,1,1,1,3
3.14,1,2.25,2,3.5
3.14,3,1,2,3
3.14,3,2.25,4,3
3.14,4,3.25,5,3.5
3.14,3,1.75,1,3.5
3.72,1,1.75,5,4
3.72,1,1.5,3,4
3.72,1,1,1,4
3.72,1,2,1,4
3.72,3,1.25,3,4
3.72,3,1.25,2,4
3.72,1,1.5,3,3.5
3.72,1,1.75,1,3.5
3.72,4,1.5,4,3.5
3.72,4,2,4,3.5
3.11,1,2,1,2.5
3.11,3,2.25,3,3.5
3.11,1,4.5,5,3
3.11,4,1.5,1,2.5
3.11,3,2,5,3
3.11,3,1.25,3,3.5
3.11,1,1.5,3,3.5
3.11,1,3.25,4,3.5
3.11,1,1.25,2,3.5
3.66,3,1.25,4,3.5
3.66,1,1.25,3,3.5
3.66,1,1.5,2,4
3.66,1,1.25,3,4
3.66,1,2,4,3.5
3.66,2,1.75,2,4
3.66,4,1.25,2,4
3.66,3,1.25,4,4
3.66,1,1.25,2,4
3.66,4,1,4,3
3.71,1,1.75,2,4
3.71,4,1.5,3,4
3.71,1,2,1,4
3.71,2,1.25,2,4
3.71,1,1,5,4
3.71,2,1.25,3,3.5
3.71,4,1.25,2,3.5
3.71,1,1,4,4
3.71,3,1.25,4,3.5
3.71,2,1,5,3.5
3.71,2,3,4,4
3.71,1,1.25,5,3.5
3.36,1,1.5,3,4
3.36,1,4,5,3.5
3.36,2,1.25,4,3
3.36,3,1.5,4,3
3.36,2,1.5,1,3.5
3.36,2,2.25,2,3.5
3.36,1,1.5,3,3.5
3.36,2,2,2,3
3.36,1,1.25,2,3
3.36,3,1.5,1,3.5
3.36,1,1,3,4
3.74,3,1.5,3,3.5
3.74,3,2.25,5,4
3.74,4,2,5,4
3.74,1,2.5,5,4
3.74,1,1.5,5,4
3.74,4,2,1,3.5
3.74,3,2,1,3.5
3.74,1,1.5,3,4
3.74,1,2.25,3,3
3.74,2,3.25,5,4
3.15,3,1.75,2,3
3.15,5,1.5,2,2.5
3.15,1,2,2,3.5
3.15,2,1.75,2,3
3.15,2,2,1,2.5
3.15,4,2,2,3.5
3.15,5,4,5,4
3.32,1,4.25,4,3
3.32,1,1.25,1,3
3.32,1,1.5,1,3
3.32,2,2.75,5,3
3.32,2,1,3,3.5
3.32,1,2.25,2,3
3.32,2,2.25,4,3
3.32,3,2,3,2.5
3.32,1,2.25,4,4
3.32,4,2.5,4,4
3.32,4,2,3,3.5
3.28,2,2,1,3
3.28,1,2.25,1,4
3.28,5,1.5,1,3.5
3.28,6,1.5,2,3
3.28,1,1.25,3,3.5
3.28,2,1,1,3
3.66,2,1.5,2,4
3.66,2,3,4,4
3.66,5,1.75,1,4
3.66,1,1.25,5,3.5
3.66,5,2,3,3.5
3.66,1,1.5,4,3.5
3.37,1,4.25,5,4
3.37,1,1.25,3,3
3.37,4,1.5,1,2.5
3.37,1,1.75,2,3
3.37,4,4.5,4,3.5
3.37,2,2,2,4
3.37,4,1.5,3,3.5
3.37,1,1.5,2,4
3.37,2,1.5,1,3
3.37,1,1.5,2,4
3.58,3,1.5,2,4
3.58,1,1.5,1,4
3.58,1,2,3,4
3.58,5,1,3,3.5
3.58,1,1,2,4
3.58,3,1.25,5,3.5
3.58,4,1.75,1,3.5
3.58,1,2,5,3
3.58,4,2,5,3.5
3.51,3,1.25,3,3.5
3.51,3,1.75,4,3
3.51,2,2,5,3
3.51,3,1.5,1,4
3.51,1,1.5,2,3.5
3.51,4,3.75,4,4
3.51,4,1.75,5,3
3.51,2,3.75,4,4
3.47,1,2.5,4,3.5
3.47,4,3,5,4
3.47,3,3.75,4,3.5
3.47,2,1.5,2,3
3.47,2,1.75,5,3
3.47,1,1.25,3,4
3.47,1,4,4,3.5
3.47,3,1.25,2,4
3.47,1,2.5,4,3.5
3.47,2,3.75,5,3.5
3.47,4,1.75,3,3
3.68,3,2.25,4,4
3.68,1,1.25,2,4
3.68,2,1,2,4
3.68,1,1.25,2,3.5
3.68,4,1.25,1,3.5
3.68,2,1.5,1,3.5
3.68,2,2.25,1,3.5
3.68,4,2,5,3.5
3.68,1,1.75,1,3.5
3.08,2,1.5,3,3
3.08,1,1.75,3,2.5
3.08,1,1.75,2,2.5
3.08,2,1,5,2.5
3.08,1,1.25,3,3
3.08,1,2,3,3
3.08,2,2,1,3
3.08,5,2.75,4,3.5
3.08,1,1.75,3,3
3.08,5,2,1,3
3.08,1,1.75,1,4
3.8,2,2.25,5,4
3.8,1,1.25,1,3.5
3.8,1,1.5,5,3.5
3.8,1,1,5,4
3.8,2,2,2,4
3.8,1,1.25,3,4
3.8,1,1.5,1,4
3.8,1,1,5,3.5
3.8,2,1.25,3,3.5
3.8,5,1.25,2,4
3.8,5,1.75,5,3.5
3.8,1,1.5,2,4
3.83,4,1.75,2,4
3.83,1,1,2,4
3.83,2,2,1,4
3.83,1,2,2,3.5
3.83,2,1.5,5,4
3.83,3,2,5,4
3.83,2,1.75,5,3.5
3.83,3,2,5,3.5
3.83,1,2,4,3.5
3.35,2,1,2,3
3.35,1,1.75,2,3
3.35,2,2,4,2.5
3.35,3,2.75,5,3.5
3.35,1,1.75,1,3.5
3.35,1,3.5,4,4
3.35,3,1,3,3.5
3.35,5,1.75,1,3.5
3.35,5,4.5,4,3.5
3.05,1,2.25,4,3
3.05,3,1.75,5,2.5
3.05,1,3,4,3.5
3.05,1,3.5,4,3.5
3.05,3,2.75,5,3
3.05,1,2.25,5,3
3.05,2,2,3,2.5
3.05,2,1.25,3,3
3.05,4,1.5,2,3.5
3.05,4,1.75,1,3
3.41,2,2,3,3
3.41,1,1.75,5,3
3.41,3,2,1,4
3.41,1,1.75,2,3.5
3.41,3,4,5,3.5
3.41,4,1.25,3,3
3.41,3,4,5,3.5
3.9,1,1.25,4,4
3.9,1,1.25,3,4
3.9,1,1.5,5,3.5
3.9,1,1.75,4,4
3.9,1,4.25,4,4
3.9,1,1.5,3,4
3.9,3,2,5,4
3.9,1,1.75,4,4
3.9,1,1.75,4,3.5
3.9,2,1.5,5,3.5
3.9,2,1.5,2,4
3.9,1,1.75,3,3.5
3.87,4,2.25,3,4
3.87,3,1.5,4,3.5
3.87,5,3,5,4
3.87,1,1.25,1,4
3.87,4,2,4,4
3.87,1,3.75,5,4
3.87,3,2,3,3.5
3.97,1,2,5,4
3.97,2,1.5,2,4
3.97,1,1.5,3,4
3.97,3,1.25,1,4
3.97,2,2.25,4,4
3.97,3,1.75,1,4
3.97,2,2,4,4
3.97,1,1.75,5,4
3.97,1,1.75,4,4
3.97,1,1,4,4
3.97,2,1.5,5,4
3.97,1,1.25,2,3.5
3.38,1,3.75,5,4
3.38,1,1.75,2,4
3.38,1,4.25,5,4
3.38,1,1.5,3,3.5
3.38,1,2,3,3.5
3.38,1,2,3,3.5
3.38,5,2.25,3,3
3.38,4,4,4,3.5
3.38,1,2,3,3.5
3.38,5,1.75,1,3
3.38,1,1.25,3,3.5
3.42,1,1.25,1,3.5
3.42,2,3.25,5,3.5
3.42,1,3,4,3
3.42,3,3.25,5,3
3.42,1,1.5,2,3.5
3.42,2,2.25,2,3.5
3.42,1,1.5,1,3.5
3.42,1,4,4,3.5
3.42,1,1,2,3
3.42,1,1.5,5,3
3.42,3,1.5,1,4
3.65,1,1.75,4,3.5
3.65,1,1.5,4,4
3.65,4,1,2,3.5
3.65,1,1.75,2,4
3.65,4,2.5,5,4
3.65,1,1.75,1,3.5
3.65,1,1.75,4,3
3.65,4,2,3,3.5
3.65,1,3.25,4,4
3.65,1,1.5,4,3.5
3.65,1,1.5,2,3.5
3.65,1,1.5,3,3.5
3.63,1,1.75,1,4
3.63,4,1.5,3,4
3.63,3,1.75,3,4
3.63,3,2,3,4
3.63,4,1.25,3,3.5
3.63,5,1.25,2,3
3.22,1,1,4,2.5
3.22,2,1.25,4,2.5
3.22,3,2.5,5,3.5
3.22,1,2.25,4,3
3.22,4,1.5,1,3
3.22,1,1,1,4
3.22,1,1,1,3.5
3.22,1,3.25,4,4
3.22,1,2,5,3
3.22,2,1.5,2,3.5
3.22,1,1.75,2,3.5
3.68,3,2,3,4
3.68,3,1,5,3.5
3.68,1,1,1,3.5
3.68,3,1,2,3.5
3.68,1,2,4,3.5
3.68,1,2,3,4
3.68,3,2,1,4
3.68,2,1,3,3.5
3.68,1,3,5,4
3.68,1,1.5,4,3
3.68,1,1.25,2,4
3.1,1,2.75,4,3
3.1,1,2,1,3
3.1,1,1.25,1,2.5
3.1,1,3,4,3
3.1,2,1.25,2,2.5
3.1,1,2,1,2.5
3.1,3,1.5,2,3
3.1,1,3.5,5,3.5
3.1,1,2,4,3
3.1,1,1.5,2,3.5
3.1,3,1.75,2,4
3.07,1,2.5,5,3.5
3.07,2,1.25,1,3
3.07,2,2.25,1,2.5
3.07,5,1.25,5,2.5
3.07,2,3,5,3.5
3.07,1,4,5,3.5
3.07,1,2,3,3.5
3.07,5,4.5,5,3.5
3.07,4,1.75,4,3
3.41,1,1.5,3,2.5
3.41,1,2,2,2.5
3.41,1,2.5,4,3.5
3.41,1,1,4,3
3.41,3,1.25,2,4
3.41,3,1.25,3,4
3.41,2,2.25,1,3
3.41,1,1.5,3,3.5
3.41,2,3.25,5,3.5
3.41,2,1.5,1,3
3.41,4,2.75,5,3.5
3.7,1,1,4,4
3.7,2,1,4,3.5
3.7,1,1.25,2,3.5
3.7,2,1.5,2,3
3.7,1,1.25,2,4
3.7,3,1.75,1,3.5
3.7,1,1.25,2,3.5
3.7,4,2.5,4,4
3.7,1,1.25,1,3
3.7,2,2.75,5,4
3.7,3,1.25,2,4
3.8,1,2.25,1,4
3.8,3,2,2,4
3.8,1,1.25,1,4
3.8,1,1.75,5,4
3.8,1,2,3,4
3.8,3,1.75,5,3.5
3.8,4,1.25,5,4
3.8,1,1.75,4,3.5
3.8,2,2,2,3.5
3.8,2,1,2,3.5
3.8,1,3.5,4,4
3.15,3,1.25,2,3.5
3.15,3,4.25,5,3
3.15,2,2,1,2.5
3.15,1,2.25,2,3
3.15,3,2.75,4,3.5
3.15,3,1.25,3,3
3.15,4,2,2,3
3.88,3,2,5,4
3.88,1,1.75,4,4
3.88,1,1.75,3,3.5
3.88,5,2,3,4
3.88,1,1.75,5,4
3.88,1,1.75,4,3.5
3.88,3,2.25,4,4
3.88,3,2.25,4,4
3.88,1,1,4,3.5
3.88,3,1.75,1,4
3.88,1,1.5,3,3.5
3.88,1,1.75,2,4
3.88,3,1.5,3,4
3.88,3,3,4,4
3.88,1,1.25,3,4
3.88,1,1.25,2,4
3.88,2,1.75,3,4
3.88,1,1.25,5,3.5
3.88,2,2.25,4,4
3.88,1,1.25,3,3
3.88,1,1.25,4,3.5
3.97,2,1.5,2,3.5
3.97,2,2,2,4
3.97,3,1.25,2,4
3.97,6,1.25,3,4
3.97,4,1.25,3,4
3.97,1,1.75,4,3.5
3.97,3,1,1,4
3.09,4,1,5,2.5
3.09,1,3.25,5,3.5
3.09,1,2,3,2.5
3.09,4,1.75,2,3.5
3.09,1,1.5,1,2.5
3.09,2,1.25,3,3
3.09,2,2,1,3
3.09,5,3.25,4,3.5
3.9,3,1.25,2,4
3.9,1,1.5,4,4
3.9,3,1.5,3,3.5
3.9,2,1.5,2,4
3.9,1,1.25,1,3.5
3.9,1,1.5,5,4
3.9,1,1.5,3,3.5
3.9,3,2.25,5,4
3.9,1,1.5,3,4
3.9,1,1.5,3,4
3.9,4,2.25,2,4
3.96,1,2.25,2,4
3.96,2,2,4,4
3.96,1,2.25,2,4
3.96,3,1.25,1,4
3.96,3,1.5,2,4
3.96,2,1.75,3,4
3.96,1,1.5,2,3.5
3.96,4,4,4,4
3.03,3,2.25,4,3
3.03,4,1.5,5,2.5
3.03,6,1.25,3,3
3.03,3,2,5,3
3.03,2,1.25,3,3.5
3.03,4,1.5,1,3.5
3.33,1,1.25,5,2.5
3.33,5,1.25,3,3.5
3.33,5,1.75,3,3
3.33,6,1.75,3,3.5
3.33,3,3.5,5,3.5
3.33,3,3.5,5,3.5
3.55,4,2,2,3.5
3.55,3,1.5,3,3.5
3.55,1,1.25,4,3.5
3.55,4,1.25,2,4
3.55,3,2.25,1,3
3.55,1,4.25,5,4
3.55,4,1.25,1,3.5
3.19,5,2,1,3
3.19,2,1.25,5,3
3.19,2,1.5,3,3
3.19,1,1.5,4,3
3.19,2,1.5,2,4
3.19,3,2.75,5,3.5
3.19,4,2,2,3
3.19,1,1.5,3,3.5
3.33,2,1.5,2,2.5
3.33,2,4.25,4,3
3.33,3,1.75,3,3.5
3.33,6,3.75,5,4
3.33,6,1,5,3
3.33,4,3.5,4,3.5
3.04,1,4,5,3
3.04,3,1.75,3,2.5
3.04,1,1.5,2,3
3.04,4,1,1,3.5
3.04,1,4.25,5,3.5
3.04,6,1.5,3,3
3.04,2,1,4,3
3.22,1,3,5,3
3.22,1,2,5,2.5
3.22,2,4.25,4,3.5
3.22,4,1.5,1,3
3.22,3,2.75,4,3.5
3.22,4,2.25,4,3
3.22,3,1.5,2,3.5
3.22,1,3.25,4,3.5
3.63,1,1.75,3,4
3.63,1,1.75,2,3.5
3.63,4,1.75,3,3.5
3.63,1,1,4,3.5
3.63,5,1.25,5,3.5
3.63,1,3.5,5,4
3.63,5,1.25,1,4
3.63,1,1.75,4,3.5
3.09,6,2.25,3,3
3.09,1,4,4,2.5
3.09,4,3.5,4,3
3.09,6,1.5,3,3.5
3.09,1,3,4,3
3.09,6,2,1,3
3,1,1.5,1,3
3,1,2.25,5,2.5
3,1,2.25,2,2.5
3,1,2,3,3.5
3,1,4,5,3
3,2,4,4,3
3,3,2.25,5,2.5
3,2,2.25,4,3
3,3,1.75,3,3
3,1,2.25,4,3
3,1,2.5,5,3.5
3,1,2,3,4
3.99,3,1.25,2,4
3.99,3,1.75,2,4
3.99,3,1.75,4,4
3.99,2,1,4,3.5
3.99,3,1.75,3,4
3.99,2,1.25,3,4
3.58,1,4,4,4
3.58,1,1.5,5,3.5
3.58,2,1.75,3,4
3.58,1,2,4,4
3.58,2,1.25,5,4
3.58,1,2.25,1,3
3.58,1,2,5,3.5
3.58,1,1.5,2,3.5
3.58,1,2,2,3.5
3.58,3,1.75,4,3
3.58,1,1.5,2,3.5
3.58,1,2.25,5,3.5
3.38,4,3.5,4,3.5
3.38,3,3.25,4,3
3.38,1,2,1,3.5
3.38,1,2,2,3.5
3.38,4,3.5,5,3
3.38,1,1.25,2,3.5
3.38,3,3,5,3.5
3.38,4,3,5,3.5
3.8,2,1,4,4
3.8,4,1.75,4,4
3.8,2,1,2,3.5
3.8,2,1.75,4,4
3.8,6,1.5,4,3.5
3.8,4,1.5,4,4
3.68,3,1.5,2,3.5
3.68,3,2,2,3.5
3.68,1,1.75,5,4
3.68,1,2.25,2,4
3.68,3,1.75,4,3.5
3.68,1,2,4,3
3.68,1,1.5,3,4
3.68,3,1,3,4
3.68,3,2,4,3.5
3.68,3,1.75,1,4
3.58,2,2,3,4
3.58,1,2,3,4
3.58,2,1.75,2,3.5
3.58,3,1.5,1,3.5
3.58,1,1,4,3.5
3.58,1,1,3,4
3.58,3,1.25,5,3.5
3.58,3,2.25,2,4
3.58,3,1.75,3,3
3.79,1,2.25,2,3.5
3.79,1,1.5,5,4
3.79,2,1.25,4,4
3.79,2,2,5,4
3.79,1,1,1,4
3.79,2,2,2,4
3.79,1,1.25,2,4
3.79,1,1.75,1,3.5
3.79,1,2.25,4,4
3.79,2,1.5,1,3.5
3.79,1,1.25,1,3.5
3.79,1,2,1,3.5
3.63,1,1.75,3,4
3.63,4,1.5,2,3.5
3.63,4,2,5,3.5
3.63,3,2,5,4
3.63,2,1.75,4,4
3.63,2,1.25,5,3.5
3.63,3,1.75,2,3.5
3.63,1,2,5,3
3.63,1,1.25,1,4
3.29,1,1.5,1,2.5
3.29,1,1.25,3,3.5
3.29,1,1.75,1,3
3.29,1,1.75,2,3.5
3.29,1,3,5,3.5
3.29,1,2.25,3,3
3.29,2,1.5,3,3.5
3.29,1,1.25,1,3.5
3.29,1,1.75,3,3.5
3.29,2,1.5,2,3.5
3.29,3,1.25,5,3
3.29,1,3.75,5,3.5
3.03,1,2,1,3
3.03,3,4,4,2.5
3.03,4,2,4,2.5
3.03,5,4.25,5,3.5
3.03,2,3,4,3.5
3.03,4,2,1,3
3.03,2,4,4,3.5
3.58,1,1.25,3,3
3.58,3,1.5,3,3
3.58,3,1.25,3,3
3.58,3,1.75,2,4
3.58,4,2.25,1,3.5
3.58,4,3.5,5,4
3.58,1,1.5,3,4
3.58,1,1.75,2,4
3.81,3,1.5,5,4
3.81,4,4,4,4
3.81,4,1,1,4
3.81,1,1.75,4,4
3.81,1,1.25,4,4
3.81,2,2,1,3.5
3.81,1,1.25,5,4
3.81,1,1.25,1,3.5
3.81,1,1,1,4
3.81,2,2,1,3.5
3.81,1,1.25,1,3.5
3.64,3,1.75,3,4
3.64,3,2.25,1,4
3.64,4,1.5,2,3.5
3.64,2,2.25,5,3.5
3.64,1,1.5,1,3.5
3.64,2,1.5,2,3
3.64,1,1.25,3,3.5
3.32,4,1.5,2,3
3.32,4,1.75,2,2.5
3.32,2,1.5,3,3.5
3.32,2,2.25,4,3.5
3.32,2,3.75,4,4
3.32,1,2,1,3.5
3.32,3,3.5,5,4
3.32,1,3,4,3.5
3.32,2,3.75,5,3.5
3,2,1,3,2.5
3,1,3,4,3.5
3,1,2.25,3,3
3,1,3.75,5,3.5
3,4,3.25,4,3.5
3,5,1.25,2,3
3,4,2.25,2,2.5
3,2,2.75,5,2.5
3,6,2,1,3
3,2,2,1,3
3,4,4,5,3.5
3,2,1.25,3,3
3,1,2.25,3,2.5
3,3,4.25,5,3
3,1,2.25,3,2.5
3,1,2,3,3
3,3,2.25,4,2.5
3,1,2.25,4,2.5
3,1,2.25,2,2.5
3,1,2.25,2,3.5
3,2,2.25,2,3
3,1,2.25,3,3
3,1,3.5,4,3.5
3,1,1.75,3,4
3,3,1.75,3,3.5
3,1,2.25,3,2.5
3,1,2.5,5,3.5
3,2,2.25,1,2.5
3,1,1.25,3,3
3,1,1.75,1,3.5
3,2,2,3,3
3,4,2.25,1,2.5
3,2,2.75,4,3
3,1,1.75,1,3.5
3,1,3.25,5,4
3,1,3.75,4,4
3,1,1.75,2,3
3,3,1.25,2,3
3,1,1.75,2,3.5
3,1,2.25,3,2.5
3,1,2.75,4,3.5
3,2,2.25,4,2.5
3,1,2.25,5,2.5
3,3,4,5,3
3,4,4.25,4,3
3,2,1,2,3
3,2,1,1,3
3,2,1.5,3,3
3,3,1.5,1,3
3,1,1.5,3,3.5
3,3,3.75,5,3.5
3,2,2.25,1,2.5
3,2,2.25,4,2.5
3,1,3.5,5,4
3,2,2.25,4,3.5
3,2,1,1,3
3,5,1.5,1,3
3,5,2.25,2,2.5
3,1,3.75,4,4
3,2,2,2,3.5
3,1,2.25,4,3
3,1,3.5,5,3
3,4,2,3,3
3,3,4.25,5,3.5
3,1,1.75,2,3.5
3,1,2.25,2,2.5
3,5,2.25,2,2.5
3,1,2.25,2,3
3,1,2.25,1,3.5
3,1,2.25,3,2
3,1,4,5,2.5
3,4,1.5,2,3
3,1,1.75,1,3
3,5,1.5,2,3.5
3,5,2,1,3
3,1,3.5,5,3.5
3,2,3.75,4,3
3,1,1.75,3,3.5
3,3,2.25,1,2.5
3,1,3.5,5,2.5
3,1,2.25,5,2
3,1,2,3,2.5
3,1,1,1,2.5
3,3,3.5,5,3
3,4,2.25,3,3.5
3,3,2,2,3
3,4,2.75,4,3
3,4,3.75,4,3
3,2,1.75,1,3.5
3,4,1.5,2,3.5
3,4,2.25,5,2.5
3,2,2.25,2,2.5
3,4,4.5,4,3
3,5,2.25,1,3
3,3,1.25,3,3
3,2,2.25,3,2.5
3,1,1,2,3.5
3,3,4,4,3
3,3,2.25,2,2.5
3,4,2.25,2,2.5
3,2,1,1,3.5
3,3,2.75,5,3.5
3,2,2,2,3.5
3,1,3,4,2.5
3,1,2.25,1,3
3,1,1.5,3,3
3,1,2,2,3.5
3,1,1,1,3.5
3,1,4.25,4,3
3,3,2.25,5,2.5
3,1,1.75,2,3.5
3,1,2.5,5,3
3,2,2,3,3.5
3,4,1.75,2,3
3,1,2.25,2,3
3,2,2,1,2.5
3,3,3.5,5,3
3,1,1.75,3,3.5
3,1,1,3,3.5
3,1,2.5,4,3.5
3,1,2.25,1,2.5
3,1,1.25,1,3
3,2,3,4,3.5
3,3,1.75,2,3
3,4,2.25,5,2.5
3,1,1,2,3
3,1,2.5,5,3
3,3,1.75,2,2.5
3,1,1.5,1,3
3,1,1.75,1,3
3,3,2.5,5,3
3,1,1.25,2,3
3,4,3.5,5,3.5
3,1,1.25,3,3
3,1,1.75,1,3
3,1,3.75,4,3.5
3,1,4.25,5,3
3,1,1.25,2,3.5
3,2,3.5,4,3.5
3,1,1.25,1,3
3,2,1.5,2,3.5
3,1,3.75,4,3
3,1,2.25,3,2.5
3,1,2,1,3
3,1,1.5,3,3
3,3,2.75,4,3
3,1,2,3,3
3,3,2.25,4,2.5
3,1,1.75,2,3.5
3,2,2.25,2,3
3,1,1.75,1,3
3,6,2.25,5,2.5
3,6,1.25,3,3.5
3,1,2,3,3
3,1,1.75,3,3
3,1,2.25,3,2.5
3,3,1.75,2,3
3,1,2.25,3,2.5
3,4,1.25,1,3
3,2,2.25,1,2.5
3,1,1.75,2,3.5
3,1,1.25,1,3.5
3,4,3.75,5,3.5
3,3,2.25,4,3
3,1,2.25,3,2.5
3,2,2.25,2,2.5
3,1,2.25,4,2.5
3,4,1.75,1,3.5
3,2,1.25,1,3
3,3,1.5,3,3.5
3,3,2.25,2,2.5
3,3,3.75,5,3
3,1,4.25,5,3
3,1,3.75,5,3.5
3,3,2,1,3
3,2,2.5,4,3
3,2,2,2,3
3,1,2.25,4,2.5
3,4,2.25,1,2.5
3,5,1.25,2,3.5
3,1,1,1,4
3,1,1.75,2,3.5
3,2,2.25,2,3.5
3,1,1.25,1,3
3,1,2.25,4,2.5
3,3,1.5,1,3.5
3,2,2.25,5,2.5
3,1,2.25,4,2.5
3,4,2.25,4,2.5
3,1,2.75,5,3
3,1,3.5,5,3
3,5,2.75,4,3
3,1,1.75,1,2.5
3,4,1.75,3,3
3,4,2.75,5,3
3,2,2,3,3.5
3,1,4.25,4,3
3,4,3.25,4,3
3,4,1.25,2,3
3,1,2.25,4,2.5
3,2,2.25,1,2.5
3,2,1.25,3,3
3,3,2.25,4,2.5
3,3,1.75,1,3
3,1,4.25,4,3.5
3,1,4,5,3.5
3,3,1.5,3,3
3,2,2,1,3
3,1,4.25,5,3
3,3,2.25,5,2.5
3,2,1.5,2,3.5
3,1,1.75,3,4
3,3,2.25,3,2
3,1,1.75,1,3
3,2,4,4,3
3,2,2,2,3
3,1,2.25,2,3
3,6,4,5,3.5
3,5,2.5,4,3
3,2,1.5,3,3
3,3,2.25,4,2.5
3,1,1.75,1,3.5
3,1,1.75,3,3
3,1,4.25,4,3
3,2,2.25,1,2.5
3,5,1.75,3,3.5
3,1,1.75,3,3
3,2,3,4,2.5
3,3,2.5,4,3
3,2,2,3,3
3,1,2.25,2,2.5
3,3,2.25,5,2.5
3,1,1,2,3
3,1,1.5,1,3
3,1,3.25,4,3
3,1,2.25,5,2.5
3,3,1.25,3,3.5
3,3,2.5,5,3.5
3,1,1.5,3,3
3,1,2.75,4,3
3,5,2.25,1,2.5
3,2,3.25,5,3.5
3,1,2.25,3,3.5
3,4,2.25,4,3
3,1,3.75,5,3.5
3,5,2.25,4,3
3,3,4,4,3
3,1,1.5,2,3
3,1,2.25,5,2
3,1,2.25,3,3
3,1,2.25,1,2.5
3,1,3.75,4,3
3,3,1.75,3,3
3,3,1.75,1,3.5
3,1,1.5,1,3
3,1,1.75,1,3
3,1,4,4,3.5
3,1,2,1,3.5
3,2,1.5,3,3
3,2,2.75,5,3
3,1,3,5,3.5
3,3,2.25,4,2.5
3,1,4,4,3
3,3,1.75,3,3
3,2,4,4,3.5
3,3,2.25,3,3
3,1,2.25,2,3
3,1,1.75,2,3.5
3,2,2.25,4,2.5
3,1,2.25,2,2.5
3,4,2.5,5,3
3,1,2.25,1,2.5
3,1,2.25,1,3
3,2,2.25,1,2.5
3,4,4.25,5,3.5
3,1,1.25,2,3.5
3,1,2.25,3,2
3,3,3.5,5,3
3,1,3,4,3
3,1,1.5,1,3
3,3,2.5,4,3
3,1,3.25,5,3
3,1,1,2,3
3,2,1.75,1,3
3,4,3.25,5,3
3,1,1.25,2,3.5
3,1,3.75,4,2.5
3,1,1.25,2,2.5
3,1,2.25,2,2
3,1,2.25,2,2
3,1,2.25,1,2
3,2,1,1,3
3,1,1.75,2,3.5
3,1,1.5,3,3.5
3,2,4.25,5,3
3,2,4,5,3.5
3,4,1.25,3,3
3,4,2.5,4,3.5
3,2,2.25,5,2
3,2,1.25,3,3
3,3,2.25,2,3.5
3,1,1.75,2,3
3,1,2.25,5,2.5
3,1,2,1,3
3,1,3,5,3
3,1,3.75,4,3.5
3,4,2.25,3,3
3,1,1,2,3.5
3,2,1,3,3
3,5,2.75,5,3
3,3,1.25,1,3
3,2,3.5,4,3
3,1,1.25,2,3
3,3,1.75,2,3.5
3,5,1.25,1,3
3,1,3,5,3
3,1,2.25,5,2.5
3,1,2.25,1,2.5
3,1,2.5,5,3
3,1,2,3,3.5
3,2,3.25,5,3.5
3,1,1.5,1,3.5
3,1,3.75,5,3.5
3,1,2,2,3.5
3,1,2,2,3
3,2,1.75,3,3
3,3,2.5,4,3
3,1,2.25,1,2.5
3,1,2.25,3,2.5
3,3,2.25,5,2.5
3,1,4.25,4,2.5
3,3,4.5,4,3
3,2,2.25,3,2
3,4,3.5,4,3
3,3,2.25,3,3.5
3,4,3.75,5,3
3,2,4,4,3.5
3,1,2.25,1,3
3,5,1,3,3
3,5,2.25,3,2.5
3,2,2.25,2,3
3,2,2.25,2,3
3,2,4.25,5,3.5
3,3,2,2,3.5
3,4,2.25,3,3
3,2,1.75,3,3.5
3,2,4.5,5,3
3,1,4.5,5,3
3,4,2.25,5,2.5
3,4,2,1,3
3,3,2,1,3.5
3,2,2.25,1,3
3,1,2.25,5,2.5
3,1,1.75,3,3
3,1,2,2,3
3,1,4.25,5,3
3,1,1.5,2,3.5
3,1,1.5,2,3
3,3,3,5,3
3,2,1,3,3
3,4,1.5,2,3.5
3,4,2.25,4,2.5
3,5,2,3,3
3,4,1.5,2,3
3,2,1,2,3.5
3,4,2,2,3
3,3,2,2,3
3,2,1.75,3,3
3,3,2.25,4,2.5
3,4,2.25,4,3.5
3,2,2.25,4,2.5
3,2,1.25,1,2.5
3,2,2.25,2,3
3,1,3.25,5,3.5
3,4,3.25,4,3
3,2,4.25,4,3
3,2,1.5,3,3
3,1,2.25,1,2.5
3,5,1.25,1,3.5
3,1,1.25,2,3
3,3,2.25,2,2.5
3,1,1,1,3.5
3,6,4,4,3.5
3,1,1.75,1,3
3,2,1.25,1,3.5
3,1,1.75,3,3
3,3,2.25,4,3
3,2,1.25,1,3
3,5,2.25,4,2.5
3,2,2.25,3,2.5
3,2,2.25,2,2.5
3,1,2.25,2,3.5
3,1,2.25,1,2.5
3,1,2.25,5,2.5
3,1,2.25,3,3
3,2,2.25,1,2.5
3,1,1.25,3,3
3,1,1.5,1,3.5
3,3,3.5,5,4
3,1,2.75,5,4
3,3,2.25,3,3
3,1,1.5,3,3
3,2,1.25,3,3.5
3,3,2.75,5,3
3,1,2.25,1,3
3,5,2.25,1,2.5
3,1,2.5,5,3
3,4,1.75,1,3
3,3,2.25,4,3
3,1,3,5,3.5
3,2,2.5,4,3.5
3,2,2.25,4,2.5
3,1,2.25,4,3
3,2,1.5,1,3
3,1,2.25,5,2.5
3,4,4,5,3.5
3,2,1.75,2,3
3,4,2.5,5,3
3,1,1.75,1,3.5
3,4,2.25,5,2.5
3,1,1.5,3,3.5
3,4,2.25,4,2.5
3,1,2.25,3,2.5
3,4,2.25,4,2.5
3,4,1.75,3,3
3,5,2,2,3.5
3,1,4,4,3.5
3,1,2,3,3.5
3,1,1.5,2,3.5
3,1,2.25,3,3
3,1,2,1,3
3,2,1,1,3
3,3,1.5,1,3
3,1,1.75,1,3
3,2,2,3,3
3,2,4,4,3
3,1,3.5,4,3.5
3,3,2.25,3,3
3,3,2.25,2,3
3,1,1.75,2,2.5
3,2,3.25,5,2.5
3,3,1.5,1,3
3,1,3.75,5,3
3,1,1.5,1,3
3,4,3.75,4,3
3,4,1.25,2,3
3,4,2.75,5,3.5
3,1,2,1,3
3,2,2.25,3,2.5
3,1,1.25,2,3.5
3,1,2.25,2,3.5
3,1,2.25,2,2.5
3,2,1.75,1,3
3,3,2.25,4,2.5
3,1,2.25,3,2.5
3,3,1.25,2,3
3,2,2.25,2,3.5
3,1,1.75,2,3.5
3,1,3,4,3
3,2,2.25,2,2.5
3,2,1.75,3,3.5
3,2,3,4,3
3,2,1,3,3
3,1,1.75,3,3
3,1,2.25,5,2.5
3,1,4.25,5,3.5
3,1,3.25,5,3
3,1,1.75,2,3
3,4,1.5,2,3
3,3,2.25,5,2
3,3,2.25,3,3
3,2,3.5,4,3.5
3,1,3.25,5,3
3,3,2.25,2,2.5
3,5,2.25,4,3.5
3,2,1.75,3,3.5
3,5,3,4,3
3,2,2.25,3,2
3,2,2,2,3
3,1,1.5,2,3.5
3,1,1.25,1,3
3,1,2,2,3.5
3,2,2,3,3.5
3,2,2,2,3.5
3,1,2.25,4,2.5
3,2,1.25,1,3.5
3,1,1.75,1,3.5
3,3,2.25,1,2.5
3,1,1.25,2,3.5
3,2,2,3,3
3,4,2,3,2.5
3,4,3.25,4,3
3,5,1.75,2,3
3,4,2,1,3.5
3,2,2.25,4,2.5
3,1,2.25,3,2.5
3,2,2.25,1,3
3,2,4.5,4,3
3,1,2.25,1,2.5
3,4,1,2,3
3,1,3.5,5,3
3,4,1.75,2,3.5
3,2,1.5,2,3
3,2,2.25,3,2.5
3,2,1.25,2,3.5
3,6,1.25,1,3.5
3,6,2.25,3,2.5
3,3,2,3,3.5
3,3,2.25,3,2.5
3,4,2,1,3
3,2,2.25,1,3
3,4,1.25,2,2.5
3,3,2.25,5,2.5
3,5,2,3,3
3,4,1.5,2,3.5
3,4,1.25,2,3.5
3,1,4.5,5,3.5
3,1,1.25,1,2.5
3,1,1,2,2.5
3,2,2.25,2,2
3,1,1.75,3,3
3,1,1,1,3
3,2,2.5,5,3.5
3,1,3.75,4,3
3,2,1.75,2,3
3,1,4.25,4,3.5
3,2,2.25,5,2.5
3,4,1.5,3,3.5
3,4,3.25,5,3
3,5,3.75,4,2.5
3,1,1,1,3.5
3,1,2.25,1,2.5
3,1,1.25,2,3.5
3,4,1.25,3,3
3,2,2.5,5,3.5
3,3,1.5,3,3.5
3,2,4.5,5,3
3,3,2.25,1,2.5
3,1,3,4,3
3,1,2.25,3,2.5
3,1,4,5,3
3,1,2.25,5,2.5
3,2,1.75,2,3
3,4,2.25,2,2.5
3,4,3.5,4,3
3,1,2.25,5,3.5
3,1,2,2,3.5
3,3,2.25,4,4
3,2,2.25,2,3
3,1,2.25,3,2.5
3,2,4.25,5,3
3,2,1.75,1,3
3,5,1.5,2,3
3,3,4,5,3
3,2,2.25,1,3
3,1,2.25,3,2
3,2,1,1,3
3,4,2.25,2,2.5
3,3,4,4,3.5
3,2,1.75,3,3
3,2,3,5,3.5
3,5,4,4,3
3,2,2.25,1,3.5
3,2,2.25,5,2.5
3,1,2.5,5,3
3,4,1.5,1,3
3,1,2.25,5,2
3,4,2.5,4,3
3,5,1.25,2,3
3,2,1.5,1,3
3,3,3.75,4,3
3,2,4,5,3
3,2,1.5,2,3
3,3,1.5,3,3
3,1,1.25,2,2.5
3,2,1.75,2,3
3,2,2,3,3
3,3,3.75,5,3.5
3,2,1.5,2,3
3,5,2,2,3
3,2,2.25,3,2.5
3,1,1.25,2,3.5
3,1,1.75,2,3
3,1,3.25,5,3
3,3,1.5,3,3
3,1,2.25,2,2.5
3,4,2,1,3
3,4,3,4,3
3,2,2.75,4,3
3,4,2.25,2,2.5
3,1,1.25,3,3.5
3,1,1.5,2,4
3,1,4.5,4,3.5
3,1,1.5,2,3
3,4,1.75,3,3
3,1,1.5,1,3.5
3,1,4.25,5,3.5
3,1,3.75,4,3.5
3,2,2,2,3
3,1,2.25,2,2.5
3,2,1,1,3
3,2,2.25,5,2.5
3,1,1.75,3,3
3,2,4,5,3
3,5,2.25,3,3
3,1,2.5,5,2.5
3,1,1.25,3,2.5
3,1,4,4,2.5
3,2,2.75,4,2.5
3,4,1.25,3,3.5
3,1,2.25,4,3.5
3,4,2.25,2,2.5
3,2,4,5,3.5
3,4,1.25,3,3.5
3,1,1.25,2,3
3,1,2.25,4,3
3,1,2.25,2,2.5
3,1,4.25,5,3
3,1,2.25,4,2.5
3,3,3.5,4,3.5
3,3,2.25,3,2.5
3,3,2.25,3,3
3,1,2.25,1,3
3,4,2.25,2,3
3,1,1.5,3,4
3,2,2.25,4,3
3,5,2.5,4,3
3,4,2.25,4,2.5
3,1,1.5,1,3.5
3,1,2,2,3.5
3,5,1.25,3,3.5
3,2,3.75,4,3.5
3,4,2.25,1,2.5
3,1,3.75,4,3
3,2,1.75,3,3
3,2,1,1,3
3,5,4,4,2.5
3,5,2.25,4,3
3,1,3.5,4,3
3,1,2.25,1,3
3,1,1.5,3,3.5
3,1,1.25,3,3.5
3,1,3.5,4,3
3,1,3.25,4,3.5
3,4,1.5,3,3
3,1,1.75,1,3
3,2,2.25,3,2.5
3,3,2.25,4,2.5
3,2,2,2,3
3,2,2.25,1,2.5
3,3,2,1,3
3,6,1.5,1,3.5
3,1,3.5,4,3
3,1,1.75,3,3.5
3,2,1.25,3,3
3,1,1.5,1,3
3,2,1.5,2,3
3,1,2.25,2,2.5
3,2,2.25,3,2.5
3,1,2.25,4,2.5
3,1,2.25,2,3
3,3,3.5,4,3.5
3,1,2.25,2,3
3,1,2.25,5,2.5
3,1,1.5,2,3.5
3,2,2,2,3
3,3,2.25,2,2.5
3,1,2.75,5,3
3,1,2.25,1,2.5
3,4,1.25,1,3
3,1,2.25,1,3
3,2,1.25,1,3.5
3,1,3.25,4,3.5
3,2,2.25,3,3
3,1,2.25,2,2.5
3,1,1.25,1,3
3,1,1.75,1,3
3,1,2.25,5,2.5
3,3,1.5,2,3
3,3,1.25,2,3
3,1,2.75,4,3
3,1,2.75,4,3
3,3,3,4,3.5
3,1,3,4,2.5
3,1,2.25,5,2
3,2,4.25,5,3
3,3,4,5,3
3,1,3,5,3
3,3,2.25,3,3.5
3,3,3.75,4,3
3,1,4.5,5,3
3,1,2,2,3.5
3,2,2.25,3,2.5
3,2,1.25,1,3.5
3,1,2,1,3
3,4,1.75,1,3.5
3,6,2.25,3,2.5
3,2,1.25,1,3.5
3,1,2.25,1,3
3,1,4.5,4,3.5
3,1,1.75,2,2.5
3,1,2.25,4,3
3,1,3.75,4,3
3,1,3.25,5,3
3,3,2.25,4,3.5
3,2,2.25,3,3
3,1,1.5,2,3
3,1,4.5,4,3
3,3,2,3,3
3,1,1.25,2,3
3,3,2,1,3
3,4,2.25,5,2.5
3,3,2.25,2,2.5
3,1,1.75,1,3.5
3,1,2.75,4,3.5
3,1,2,3,4
3,5,2.25,1,3
3,1,1.5,2,4
3,5,2.25,1,3
3,2,2.25,5,2.5
3,3,2.25,5,2.5
3,1,2.25,2,2.5
3,1,2.25,2,2.5
3,1,2,2,3.5
3,1,2,1,3.5
3,2,2,2,3
3,4,1.75,3,3
3,4,1.5,2,3
3,1,3.5,4,3.5
3,1,2.25,5,3
3,3,1.75,1,3.5
3,2,3.75,4,3
3,2,2,2,3
3,1,2,3,3
3,1,2.75,5,3
3,1,1.75,1,3
3,1,1,2,3
3,3,2,2,3.5
3,4,3,4,3
3,1,1.25,1,3.5
3,4,2.25,4,2.5
3,1,3.5,4,3
3,2,2,1,3
3,1,2.25,2,2.5
3,4,2.25,2,2.5
3,2,3.75,5,3.5
3,4,1.75,1,3.5
3,1,4.5,5,3.5
3,3,1.5,1,3
3,2,2.25,2,2.5
3,1,3.5,4,3
3,1,2,1,3.5
3,1,3.75,5,3
3,2,3.25,5,3.5
3,4,2.25,1,2.5
3,1,2.5,5,3
3,3,3.25,5,3
3,1,2.25,5,2.5
3,5,1.75,3,3
3,1,2.25,2,3
3,3,2,1,3.5
3,1,2.25,2,2.5
3,1,1.25,1,3.5
3,2,4.25,5,3
3,1,1.25,2,3
3,2,2.5,5,3.5
3,1,2.5,5,3
3,2,4,5,3
3,3,2.25,1,2.5
3,1,2.25,3,3
3,3,2.25,3,3
3,1,2,2,3.5
3,2,2.25,3,2.5
3,3,2.5,4,3
3,1,1.75,2,3.5
3,1,3.75,4,3
3,2,3,5,3.5
3,1,2.25,3,2.5
3,4,1.75,2,3
3,4,2.25,1,3
3,1,1.75,2,2.5
3,2,4.25,5,3
3,2,1.5,2,3.5
3,1,1.75,2,3
3,3,2.25,5,2.5
3,1,3.5,4,3.5
3,1,3.75,4,3
3,2,1.75,1,3.5
3,3,1.25,2,3
3,1,2,1,2.5
3,1,1.25,2,3
3,3,3.5,4,2.5
3,1,2.25,1,2
3,3,2.25,5,3
3,1,3.75,5,3
3,1,3,5,3.5
3,3,1.75,3,3
3,1,2.25,2,2.5
3,4,1.5,3,3.5
3,3,2.25,2,3
3,1,2.25,3,2
3,2,2.25,2,2.5
3,1,2.25,3,2.5
3,1,2.25,1,2.5
3,1,2.75,5,3.5
3,2,1,3,3
3,1,2.25,3,2.5
3,1,1.25,1,3
3,1,1.25,2,3
3,3,2.25,5,3
3,3,1.25,2,3.5
3,2,4.25,4,3.5
3,3,4,4,3
3,4,2.5,5,3
3,1,1.5,3,3
3,3,2.25,2,2.5
3,1,2.25,2,3
3,1,4.25,5,3
3,1,2.25,3,3
3,4,2,3,3
3,1,2.75,4,3.5
3,3,2,2,3.5
3,1,1.75,3,3.5
3,1,2.25,2,3
3,1,3,5,3.5
3,2,1.75,2,3
3,2,3.5,4,3
3,1,3.5,4,3
3,4,3.75,4,3
3,5,1.75,1,3
3,5,2,3,3
3,1,2.25,1,2.5
3,1,4,5,3
3,4,1.25,1,2.5
3,1,1.75,3,2.5
3,2,3,5,3
3,1,2.25,3,2.5
3,3,2.25,1,2.5
3,2,4,4,3.5
3,1,1.25,3,3
3,4,2,2,3.5
3,3,4,5,3.5
3,5,2,3,3.5
3,1,2.25,5,2.5
3,5,3,5,3.5
3,2,2.25,3,2.5
3,1,1.25,2,3
3,6,1,2,3
3,4,2.25,1,2.5
3,6,1.5,2,3
3,5,1.5,3,3
3,2,2.25,5,3
3,3,3.5,5,3
3,5,2,2,3
3,2,2.5,5,3.5
3,1,3.5,4,3
3,3,3.5,4,3
3,1,1.75,2,3
3,1,1.25,2,3.5
3,2,2.75,5,3
3,1,2.25,3,2.5
3,2,2.25,3,2.5
3,1,2.25,4,3.5
3,1,2.25,5,3
3,1,2.25,3,3.5
3,2,2.25,5,3
3,1,2,3,3.5
3,1,2,3,3
3,3,2.25,4,2.5
3,3,2.25,2,3.5
3,2,1,1,3
3,3,4,5,3
3,1,2.25,1,2.5
3,1,2.25,2,2.5
3,5,1.5,3,3
3,2,2.25,5,3
3,1,1.5,1,3.5
3,5,2.5,5,3
3,6,2.25,4,2.5
3,5,3.5,5,3
3,2,2.25,5,3
3,3,3,5,4
3,3,2.25,1,3
3,4,2.25,4,3
3,1,1.75,3,3
3,1,1.5,1,3.5
3,1,1,1,3
3,1,2.25,5,2.5
3,3,2.5,5,3.5
3,4,3.25,5,3
3,1,2.5,4,3
3,3,2.25,4,3
3,5,1,3,3
3,1,2.25,5,3
3,4,1.5,1,3
3,4,1,3,3.5
3,2,2.25,2,2.5
3,1,2,3,3
3,5,1,2,3
3,3,2.25,2,2.5
3,1,1.25,1,2.5
3,3,2.5,5,3
3,1,1.75,1,2.5
3,2,2,2,2.5
3,4,2.5,4,3
3,5,2.25,3,3.5
3,2,4,5,3
3,1,1.5,3,3
3,4,1.75,1,3
3,1,2.25,4,2
3,1,3.5,4,3
3,2,1.25,2,3.5
3,3,3.25,5,3
3,3,4,4,3.5
3,4,2.25,2,2.5
3,2,1.75,2,3.5
3,1,2,1,3
3,4,2.5,4,3
3,1,2.25,5,3.5
3,1,2.25,1,2.5
3,1,2.25,4,3
3,2,1.25,3,2.5
3,3,2.25,1,3
3,1,4.25,5,2.5
3,1,4.5,5,2.5
3,1,2,3,3
3,4,1.25,3,3
3,5,2.25,4,3.5
3,2,1,3,3
3,1,2,2,3.5
3,1,1.25,2,3
3,1,2.25,3,2.5
3,1,1.5,1,3
3,1,2.25,3,2.5
3,1,2,1,3
3,1,2.25,5,2.5
3,2,2.25,4,2.5
3,4,2.25,5,3.5
3,1,1.75,3,3
3,3,2.25,4,3
3,1,4,4,4
3,1,3.75,4,3.5
3,2,3.75,5,3
3,1,4.25,5,3.5
3,1,2,1,3
3,2,1.25,3,3
3,1,1.25,1,3
3,2,2.25,4,2.5
3,1,2.25,1,3
3,4,1.75,1,3
3,3,2.25,1,2.5
3,3,2.25,3,3
3,1,1.75,3,4
3,1,3,5,2.5
3,2,1.5,2,2.5
3,1,2.25,3,3
3,1,3.5,4,3
3,1,1.25,2,3
3,4,1.5,3,3
3,3,1.75,1,3.5
3,1,3.25,4,3.5
3,1,3.75,5,3
3,3,4.25,4,3
3,3,2.25,4,2.5
3,3,3.5,5,3.5
3,1,1.25,1,3
3,3,2.25,4,2.5
3,1,1.5,2,3
3,3,2.25,4,2.5
3,1,1.25,2,3
3,1,1.5,2,3.5
3,2,1.25,2,4
3,3,2.25,1,3
3,1,1.5,2,4
3,3,3.75,4,3
3,2,1.75,2,2.5
3,1,1.75,4,2.5
3,1,1.25,1,3.5
3,2,3.75,4,3.5
3,1,1,3,3.5
3,1,2,5,3.5
3,1,1.75,1,2.5
3,4,3.75,5,3
2.68,3,1.5,2,3.5
2.68,1,1.5,2,3
2.68,4,4,5,2
2.68,5,1.5,1,2
2.68,3,1.25,2,3.5
2.68,1,1.5,1,3.5
2.68,1,1.5,1,3
2.66,1,1.25,3,3
2.66,1,1,3,2
2.66,4,1.25,3,2
2.66,1,2.5,5,2.5
2.66,2,1.5,3,2.5
2.66,2,2.5,4,3
2.66,1,2.75,4,3
2.66,2,3.25,5,3
2.66,1,1.25,2,3.5
2.66,3,1.5,3,3
2.64,1,1.25,3,2.5
2.64,1,3,4,2
2.64,3,3.5,5,2.5
2.64,1,1.75,2,2
2.64,3,2.5,5,2.5
2.64,1,1.5,1,3
2.64,4,1.5,2,3
2.64,2,1.25,1,2.5
2.28,3,3.75,4,1.5
2.28,4,2.5,5,2
2.28,1,1.75,2,3
2.28,4,1.25,3,2
2.28,4,1.25,2,3
2.28,2,2.5,5,2.5
2.78,3,3.75,4,3
2.78,2,1.25,1,2.5
2.78,4,1.25,2,2.5
2.78,4,1.25,3,3.5
2.78,1,2.75,4,3.5
2.78,2,1,3,2.5
2.78,5,3.75,5,2.5
2.52,4,1.5,2,2.5
2.52,6,2.5,4,2.5
2.52,2,1.25,2,3
2.52,6,1.5,3,2
2.52,4,1.5,2,3
2.52,2,1.5,2,2.5
2.36,1,2.25,4,2
2.36,1,3.25,4,3
2.36,4,1.5,1,3
2.36,4,1.75,3,2
2.36,5,1.25,2,2
2.36,2,1.75,3,2.5
2.93,2,4,4,2.5
2.93,1,4,4,2.5
2.93,1,2,5,3
2.93,2,1,2,3
2.93,3,1.25,1,3
2.93,3,1.5,3,3
2.93,2,1.25,3,3
2.93,1,1.25,3,3.5
2.93,1,1,3,3
2.05,1,1.5,3,2
2.05,2,1.5,2,2
2.05,4,1.5,3,1.5
2.05,2,2.75,4,2
2.05,1,1.25,2,2.5
2.05,2,1.75,4,1.5
2.05,1,1.5,3,1.5
2.05,5,1.25,3,2.5
2.05,1,1.25,3,2.5
2.05,1,1,1,2.5
2.1,1,1.25,1,1.5
2.1,1,2.75,5,2
2.1,2,1.25,1,2
2.1,1,1.25,2,2
2.1,4,1.5,3,2
2.1,3,1.25,2,2
2.1,3,1.75,1,2.5
2.1,2,3.5,4,2.5
2.1,2,2.25,5,2
2.52,1,1.5,1,2
2.52,1,1.25,3,2.5
2.52,3,1.5,3,2.5
2.52,4,3,4,2
2.52,5,1.5,1,2.5
2.52,2,1.75,2,3
2.52,5,3.75,5,3
2.52,3,3.25,5,2.5
2.64,5,3.5,4,2.5
2.64,1,1.75,1,2.5
2.64,2,3.5,5,2
2.64,4,1.25,2,3
2.64,3,1.5,2,2.5
2.64,2,1.5,3,3
2.64,1,1,2,3.5
2.58,4,3.25,5,2.5
2.58,3,1.25,1,2
2.58,6,1,3,2.5
2.58,2,2,5,3
2.58,3,1.5,3,2.5
2.58,3,1,3,2.5
2.58,2,1,2,3.5
2.59,1,1.25,1,2.5
2.59,1,4,4,2
2.59,1,1.75,1,2
2.59,3,3.5,4,2
2.59,1,3,5,2.5
2.59,1,2.5,5,2
2.59,2,1.25,1,2.5
2.59,3,3.5,5,3
2.59,3,2.25,4,2.5
2.59,4,1.25,3,3
2.59,4,2.75,5,3
2.2,1,1,1,2.5
2.2,1,1.75,5,2.5
2.2,3,1.75,3,2
2.2,3,3.5,5,2.5
2.2,1,1,1,1.5
2.2,2,1.75,2,1.5
2.2,1,1.25,1,2
2.2,3,3.5,5,2.5
2.2,5,2.25,5,2.5
2,1,1.75,1,2
2,4,1.25,2,1.5
2,3,1.5,1,2
2,2,3,4,1.5
2,1,1.5,1,2.5
2,1,1.25,2,2.5
2,4,1.25,2,2.5
2,1,2,4,2.5
2,1,1.25,3,2
2,1,3.5,5,2
2.37,1,2.75,5,2
2.37,4,1.25,1,2
2.37,1,1.5,1,2.5
2.37,1,3.5,4,1.5
2.37,1,3.5,4,2
2.37,1,1,1,2.5
2.37,3,1.25,1,2.5
2.37,4,1.25,3,3
2.37,1,1.75,2,2
2.37,3,2.75,5,2.5
2.43,1,1.75,3,2
2.43,1,2.25,5,2
2.43,1,1.75,2,2.5
2.43,1,1.5,3,2
2.43,2,1.25,2,2
2.43,3,1.5,1,2
2.43,3,1.75,2,3
2.43,2,1,3,3
2.43,3,1.5,1,3
2.43,3,1.25,3,2
2.88,1,1.25,1,2
2.88,1,1.5,3,2.5
2.88,1,3.25,4,2.5
2.88,2,1,2,2.5
2.88,1,4,4,2
2.88,4,3.25,4,2.5
2.88,1,1.25,3,2.5
2.88,1,2.5,4,3
2.88,5,1,2,3.5
2.88,4,1.75,2,3.5
2.88,1,1.25,1,3
2.88,2,1.5,2,3
2.12,1,2.75,5,1.5
2.12,3,2.5,5,2
2.12,2,3.5,4,2.5
2.12,1,3,4,2
2.12,3,1.5,3,2.5
2.12,2,1.5,1,2
2.12,1,1,1,2.5
2.12,3,1,1,2
2.12,1,3.75,5,2
2.12,1,4,5,2
2.12,3,1,3,2
2.42,1,3.25,4,2
2.42,1,1.5,1,2.5
2.42,1,4,5,2.5
2.42,2,1.75,4,2.5
2.42,3,1.5,3,2
2.42,2,1,2,3
2.42,1,1.25,1,3
2.42,2,1.25,1,2
2.42,6,1.75,5,2.5
2.47,5,3.75,4,2
2.47,1,2.5,5,2.5
2.47,1,1.5,2,2.5
2.47,5,3,4,2.5
2.47,1,2.5,4,2.5
2.47,3,1.75,1,2.5
2.47,1,1.25,1,2
2.47,4,1.25,3,3
2.47,3,2.25,5,3
2.71,1,2.75,5,2.5
2.71,2,1.25,1,2
2.71,1,1.25,2,2
2.71,1,1.25,2,2
2.71,2,2.5,4,2
2.71,1,1.25,2,3
2.71,3,1.75,2,3
2.71,1,1,3,3
2.71,1,1.5,3,3
2.71,2,1.25,2,3
2.71,3,3.75,4,3.5
2.95,2,3,5,3
2.95,2,1.25,2,3
2.95,3,1.5,2,2.5
2.95,2,1.75,2,3
2.95,2,1.5,3,3
2.95,1,1.25,1,3.5
2.95,1,1,1,3
2.95,4,1.5,3,3
2.24,2,1.25,1,1.5
2.24,2,1,1,2.5
2.24,1,1.25,3,2.5
2.24,1,1.25,2,2
2.24,3,2.75,5,2.5
2.24,1,3.75,4,2.5
2.24,3,1.25,2,2.5
2.24,1,1.25,3,2
2.24,1,3.75,5,2.5
2.24,3,1.5,3,2.5
2.24,3,1,1,2
2.24,1,1.75,3,2
2.13,3,1,3,2
2.13,2,1,1,2.5
2.13,1,1.5,1,2
2.13,2,1.25,3,2
2.13,1,3,4,2
2.13,2,1.75,2,2
2.13,2,1.75,2,2
2.13,3,3.5,5,2
2.13,1,1.5,3,2
2.13,1,1,2,3
2.13,2,1.75,2,2.5
2.13,1,1.5,1,2.5
2.18,4,1,3,2.5
2.18,4,1.25,2,2
2.18,4,4,4,2
2.18,2,3,4,2
2.18,2,1.25,2,2.5
2.18,3,1.75,5,2.5
2.23,3,1.5,1,2
2.23,4,1.25,1,2
2.23,1,1.25,2,3
2.23,1,1,1,2.5
2.23,1,3.75,4,2
2.23,1,1.5,3,2
2.23,1,3,4,2.5
2.23,1,2.75,4,2.5
2.23,4,1.75,1,2.5
2.23,4,1,1,2.5
2.23,3,1.5,2,2
2.29,2,1.5,2,2.5
2.29,1,3.5,5,2.5
2.29,3,3,4,2.5
2.29,1,2.25,5,2
2.29,2,2.75,5,1.5
2.29,2,3.25,4,2.5
2.29,3,3.5,5,2.5
2.29,4,1.5,1,2
2.29,1,3,4,2.5
2.29,4,1.25,3,2.5
2.83,5,1.25,1,2.5
2.83,2,1.5,3,3
2.83,1,1.25,2,3
2.83,3,1.5,2,3
2.83,1,1.25,1,2.5
2.83,4,3,4,3
2.83,5,1.5,1,3
2.98,3,3,5,2.5
2.98,3,3.25,4,3.5
2.98,1,2.75,4,2.5
2.98,1,1.75,1,3.5
2.98,3,1.75,3,3.5
2.98,3,1.5,2,2.5
2.98,3,3,5,3
2.98,2,2.5,4,3
2.98,1,1.25,1,3.5
2.01,1,1.25,1,2
2.01,1,1,3,1.5
2.01,1,1.25,2,2
2.01,1,1.5,1,2
2.01,2,1.5,2,1.5
2.01,2,1,1,2
2.01,2,1.5,1,2
2.01,1,3.5,5,2
2.01,2,2,4,2.5
2.01,1,1.25,2,3
2.01,4,1,2,2
2.01,1,1.5,2,2
2.51,1,1.5,2,2
2.51,1,1.25,3,2.5
2.51,1,1,3,2.5
2.51,2,1.5,3,2.5
2.51,1,3,4,2.5
2.51,1,1.75,1,2.5
2.51,2,2.5,5,2.5
2.51,3,1.75,1,2.5
2.51,1,2.5,4,2
2.51,2,1.25,1,2.5
2.51,2,3.5,4,3
2.51,1,1.75,3,3
2.13,3,1.25,1,2
2.13,4,1.25,3,2
2.13,3,1.75,3,2
2.13,1,3.75,5,1.5
2.13,1,1,3,2.5
2.13,2,3.25,5,2.5
2.13,4,1.5,1,2
2.13,1,1.75,3,2
2.13,1,1.5,1,2.5
2.13,3,1.5,1,2.5
2.96,1,1.25,2,3.5
2.96,1,2.25,5,3
2.96,1,1.75,1,3
2.96,1,1.25,2,3.5
2.96,4,1,2,2.5
2.96,3,2,5,3
2.96,1,3.75,4,3
2.96,3,4,4,3
2.96,3,2.5,5,3
2.96,4,1.75,1,3
2.25,1,2.25,5,1.5
2.25,1,1.75,1,2.5
2.25,1,1,1,2.5
2.25,1,1.5,2,2.5
2.25,1,1.5,3,2
2.25,2,1.25,1,2.5
2.25,2,3,4,1.5
2.25,2,1.75,1,2
2.25,1,1.25,2,2
2.25,2,2.75,5,3
2.25,2,1,3,3
2.35,1,1.75,2,2
2.35,2,1.5,2,2
2.35,1,1.75,3,2.5
2.35,1,1.5,3,2.5
2.35,3,1.5,1,2
2.35,4,1.5,2,2.5
2.35,1,2,5,2.5
2.35,2,1.25,3,2.5
2.35,2,4,4,3
2.98,3,2.75,4,3.5
2.98,1,2,5,3.5
2.98,2,3.25,4,3
2.98,1,1.75,3,2.5
2.98,1,2,4,3
2.98,1,1.5,2,2.5
2.98,1,1.25,2,3
2.98,1,2.75,4,3
2.98,4,1,2,2.5
2.98,2,1.25,2,3.5
2.45,4,1,1,3
2.45,5,1.25,2,3
2.45,3,1.5,2,2
2.45,1,3.25,5,2.5
2.45,1,1.5,2,2
2.45,5,1.25,2,2
2.45,4,1.5,1,2.5
2.64,3,1.5,2,2.5
2.64,1,3.5,4,3
2.64,1,1.75,3,2
2.64,1,1.75,2,3
2.64,1,1.25,3,2.5
2.64,3,1.25,3,3
2.64,1,1.5,1,2.5
2.64,1,1.75,4,2.5
2.64,1,1.5,1,2
2.64,3,1.25,2,2.5
2.95,1,2.25,5,3
2.95,2,1,3,3.5
2.95,1,3.25,4,2.5
2.95,2,1.5,1,2.5
2.95,2,1.25,3,3.5
2.95,1,1.5,3,3
2.95,1,2.5,5,3
2.95,3,1,3,2.5
2.95,3,1.25,1,3
2.75,1,1.25,3,2.5
2.75,2,2.5,5,2
2.75,5,1.75,3,2.5
2.75,1,1.5,2,3
2.75,1,3,5,3.5
2.75,2,3.5,4,3
2.75,2,2.25,5,3
2.75,4,1.25,2,3
2.57,1,1.75,1,2.5
2.57,2,1.5,2,2.5
2.57,1,3.25,4,2.5
2.57,1,2.75,5,3
2.57,1,2,5,3
2.57,1,1.25,1,2
2.57,2,2,4,2.5
2.57,4,4,4,2.5
2.57,1,2.75,4,3
2.57,1,1.5,1,3.5
2.57,1,3,4,2.5
2.95,3,1.5,1,3
2.95,1,1,1,3
2.95,1,3,5,3
2.95,1,3.25,4,3.5
2.95,1,1.5,3,3
2.95,1,1,1,3
2.95,1,2,4,3
2.95,2,1.75,3,3
2.95,3,3.75,5,2.5
2.95,1,3.75,4,3
2.95,1,2.75,5,3
2.95,1,1,1,3.5
2.17,4,1.5,1,2
2.17,3,1.75,1,2.5
2.17,5,1.25,3,1.5
2.17,4,1.5,2,2
2.17,2,3.75,4,3
2.17,6,1.25,3,2.5
2.7,3,1,2,2.5
2.7,1,1.25,3,2.5
2.7,1,2.5,4,3
2.7,5,2.5,5,2.5
2.7,2,1.75,1,2.5
2.7,3,1,3,3
2.7,5,2.25,5,3
2.17,2,1,3,2.5
2.17,3,1.5,1,1.5
2.17,1,2.5,5,2.5
2.17,1,2.5,5,1.5
2.17,2,2.5,5,2
2.17,3,1.25,3,2
2.17,1,1.75,3,2
2.17,1,1.5,2,2
2.17,1,1.5,1,2
2.17,3,1.25,2,2.5
2.17,3,2.25,5,3
2.42,3,1,1,2.5
2.42,1,2,5,2.5
2.42,1,4,5,2
2.42,1,1.25,3,2
2.42,5,1.5,2,3
2.42,1,1.25,1,2.5
2.42,2,1.5,3,2.5
2.42,5,1,3,2
2.54,3,1.5,3,3
2.54,6,3.75,4,2.5
2.54,3,1,1,2
2.54,4,1,3,2.5
2.54,5,3,4,2.5
2.54,2,1.5,1,3
2.99,1,3.75,4,3
2.99,1,1,2,3
2.99,3,2.75,5,2.5
2.99,4,1.5,1,3
2.99,2,3.25,4,3
2.99,2,1,3,3
2.99,1,2,5,3.5
2.99,3,1.5,3,3.5
2.24,3,3.25,4,2
2.24,3,1.25,3,2
2.24,1,2,4,2
2.24,1,1,3,2
2.24,4,2,4,2.5
2.24,2,1.5,3,2
2.24,1,1,2,2
2.24,3,2,5,2.5
2.24,2,1.5,2,2.5
2.79,1,3.25,5,2.5
2.79,1,1.5,2,2.5
2.79,1,3,5,2.5
2.79,1,1.25,3,2.5
2.79,1,1.5,1,3
2.79,2,2.25,5,2.5
2.79,1,1.25,2,3
2.79,1,1.25,3,3
2.79,3,1.5,3,3
2.79,4,3.75,5,2.5
2.79,1,3.75,5,3.5
2.79,4,3.75,4,3
2.27,1,2.5,4,1.5
2.27,2,3.75,4,2.5
2.27,1,1.5,1,2
2.27,5,1.75,5,2
2.27,1,2.5,4,2
2.27,6,1.75,1,2.5
2.27,5,4,4,2.5
2.27,2,1.25,1,2
2.83,2,1.75,2,3.5
2.83,2,1.5,1,2.5
2.83,5,3.75,5,2.5
2.83,2,2.5,5,3
2.83,3,3.75,5,3
2.83,2,1,1,3
2.83,1,3.5,5,3
2.97,5,1.5,1,3
2.97,2,2.75,4,3
2.97,1,1.25,2,3
2.97,3,3,4,3
2.97,1,1.5,2,3
2.97,1,2.25,4,2.5
2.97,3,1.25,2,3
2.97,3,1.5,1,3.5
2.97,2,3.75,4,3
2.89,1,1.5,1,3
2.89,1,3.25,4,2
2.89,1,3.75,4,2.5
2.89,3,1.25,3,2
2.89,1,1.5,3,3.5
2.89,2,1.25,2,3.5
2.89,2,1.75,4,3.5
2.89,1,2.5,4,3
2.89,3,2.75,5,3
2.89,1,3.25,5,3
2.89,4,2.5,5,3
2.89,1,1.5,3,3
2.79,6,1.75,3,2.5
2.79,3,1.75,2,2
2.79,4,3.25,4,3
2.79,3,3,5,3.5
2.79,5,1.5,1,3
2.79,1,1.25,3,3.5
2.22,6,1.5,2,2.5
2.22,2,1.25,1,1.5
2.22,3,2.75,4,1.5
2.22,5,1,1,2.5
2.22,4,1.75,5,2.5
2.22,4,3.5,4,2.5
2.02,3,1.25,2,2.5
2.02,2,1.25,3,2.5
2.02,4,1.5,2,1.5
2.02,1,3.25,5,2
2.02,2,1,1,2
2.02,1,1.25,1,1.5
2.02,1,1.75,2,2.5
2.02,3,1.25,2,2
2.02,5,1.5,1,2
2.3,3,1.5,2,1.5
2.3,1,3.25,4,1.5
2.3,3,3.75,5,1.5
2.3,1,1,2,2.5
2.3,3,3.75,5,2.5
2.3,4,2.25,5,3
2.3,2,2.25,4,3
2.3,1,1.75,4,2.5
2.22,4,3.25,5,2
2.22,1,3,4,1.5
2.22,5,1.25,1,2.5
2.22,1,3.75,4,2.5
2.22,4,1.5,2,2
2.22,2,1.75,2,2.5
2.22,1,1.25,2,2
2.22,3,3.75,5,2.5
2.85,2,1.75,1,3
2.85,1,2.75,5,2.5
2.85,1,1,1,2.5
2.85,1,3.25,4,3
2.85,2,3,5,2.5
2.85,3,1.25,1,3
2.85,1,1.5,2,2.5
2.85,4,3.75,5,3
2.85,2,1.25,3,2.5
2.85,1,2.5,4,3
2.85,3,1.5,2,3
2.18,4,2,4,2
2.18,1,2,5,2
2.18,4,1.25,2,2
2.18,2,2.25,5,2.5
2.18,3,1.75,1,2
2.18,1,3,5,2.5
2.18,1,1.5,3,2.5
2.79,1,1.25,1,3.5
2.79,5,1,1,2.5
2.79,1,1.75,2,3
2.79,1,3,5,3
2.79,3,1.25,1,3
2.79,1,1,1,3.5
2.79,4,1,3,3
2.79,5,1.25,1,2.5
2.78,1,2.75,5,3
2.78,4,2.5,4,3
2.78,2,3.5,5,3
2.78,2,1,2,2.5
2.78,1,1.25,3,2.5
2.78,1,2.5,4,3
2.78,1,1.25,2,3
2.78,1,1,1,2.5
2.78,2,3.5,5,3
2.78,1,1.5,1,2.5
2.78,4,1.25,1,2.5
2.78,1,1,3,3
2.23,6,2.25,5,2
2.23,3,1.5,1,2
2.23,3,1.25,3,1.5
2.23,4,1.25,2,2.5
2.23,3,1.25,1,2
2.23,5,1.75,4,3
2.97,2,2.75,5,3
2.97,4,1.75,1,3
2.97,2,1.5,1,3.5
2.97,3,2.5,4,2.5
2.97,4,2.25,5,2.5
2.97,3,3.75,5,3.5
2.25,1,3,5,2.5
2.25,2,1.25,3,2.5
2.25,1,1.25,3,2.5
2.25,1,1.5,2,1.5
2.25,2,2.5,5,1.5
2.25,1,1.75,4,2.5
2.25,1,3.75,5,2.5
2.25,1,1.5,2,2.5
2.25,3,3,5,2.5
2.25,3,2.5,5,2
2.25,1,1.75,4,2.5
2.25,1,1.25,3,3
2.12,3,4,4,2
2.12,1,2,5,2.5
2.12,3,3.75,4,2
2.12,1,1.25,2,2
2.12,4,1.75,4,2.5
2.12,1,2.5,5,1.5
2.12,3,1.75,3,2
2.8,1,1.75,3,2.5
2.8,1,3,4,3
2.8,4,2.5,5,2.5
2.8,1,1.75,5,2
2.8,1,1.25,2,3
2.8,1,1.5,3,3
2.8,1,2.75,5,2
2.8,3,3,4,2.5
2.8,5,2.25,4,3.5
2.93,4,1.5,1,3
2.93,3,3,4,2.5
2.93,3,1.25,2,3
2.93,1,1.75,2,3.5
2.93,2,1.25,3,3
2.93,1,2.75,5,2.5
2.93,2,3.75,4,3
2.93,2,1.75,2,3
2.93,1,1.25,2,3
2.38,2,1,1,3
2.38,3,1,2,2
2.38,3,1,2,2.5
2.38,4,3.25,4,1.5
2.38,2,1,2,3
2.38,1,0.75,2,3
2.38,4,1.25,3,2.5
2.38,1,1.5,2,3.5
2.52,1,1,5,1.5
2.52,1,1,5,1.5
2.52,2,1.5,1,2.5
2.52,1,1,2,3
2.52,3,2.25,5,2
2.52,1,1,2,1.5
2.52,2,3.5,4,3
2.52,2,0.75,1,2
2.52,1,2.75,5,2.5
2.52,3,0.75,3,3.5
2.52,1,2.5,5,3
2.52,2,0.75,2,3
2.33,1,1,3,3
2.33,1,1.25,3,2.5
2.33,1,1,1,2.5
2.33,3,1.25,1,2
2.33,2,2.5,4,3
2.33,1,1.25,2,2
2.33,3,1.75,4,2
2.33,1,0.75,2,2.5
2.33,4,3.25,4,2.5
2.49,5,1,2,1.5
2.49,2,1.25,3,3
2.49,3,2.5,5,3.5
2.49,1,1,5,1.5
2.49,4,3.25,5,2
2.49,1,1.75,5,3.5
2.49,2,1,3,2
2.49,4,1.25,2,3.5
2.06,1,1.5,2,1
2.06,2,1,2,2
2.06,2,2.75,4,2
2.06,2,1.25,1,1
2.06,1,1,2,2.5
2.06,1,1,1,2
2.06,1,3.25,5,2.5
2.06,1,0.75,2,1.5
2.06,2,1.5,1,2.5
2.06,1,2.5,4,2
2.06,1,1.5,1,3
2.06,1,0.75,2,3.5
2.28,1,1,3,1
2.28,1,1.25,3,1.5
2.28,1,3.5,5,1.5
2.28,4,1,1,3
2.28,2,3.25,5,2.5
2.28,1,3.5,5,2
2.28,4,1.25,1,2.5
2.28,1,1.25,3,3
2.28,1,1,2,3
2.28,3,1.25,1,1.5
2.99,1,1.25,3,2.5
2.99,1,0.75,1,2
2.99,1,2.75,4,3.5
2.99,2,1.25,2,3.5
2.99,4,2.25,4,3
2.99,1,1.5,5,2.5
2.99,1,1.25,2,3.5
2.99,4,3.5,5,3.5
2.99,2,1,1,3
2.99,3,1.25,5,2.5
2.99,1,1.5,5,2.5
2.69,2,3.5,4,3
2.69,1,1.25,5,2
2.69,4,0.75,1,2
2.69,2,1,2,3
2.69,1,2.5,5,3.5
2.69,2,1,2,2.5
2.69,1,1.5,5,2.5
2.69,3,2.25,4,3.5
2.23,3,1.5,1,2
2.23,5,1,2,1.5
2.23,3,1.25,2,1
2.23,1,0.75,2,1.5
2.23,3,1.75,4,2.5
2.23,4,1,1,3.5
2.23,3,1.25,3,3
2.96,3,1.25,2,2
2.96,1,1,5,2.5
2.96,1,1,1,3
2.96,1,0.75,1,4
2.96,3,1,5,2.5
2.96,3,2.75,4,3.5
2.96,5,2,5,3
2.96,1,2.5,5,3.5
2.96,2,2.5,4,4
2.78,1,1,2,2.5
2.78,2,1.25,2,1.5
2.78,1,1,3,3.5
2.78,1,0.75,5,2
2.78,1,3,4,3
2.78,1,3,5,2.5
2.78,3,0.75,2,3
2.78,3,1,1,2.5
2.78,3,3,5,3.5
2.69,1,1,2,1.5
2.69,1,1,4,2
2.69,1,1.5,5,2
2.69,1,0.75,3,3
2.69,2,1.25,3,2.5
2.69,5,3.25,4,3
2.69,2,1,1,2.5
2.69,1,1.5,1,2.5
2.69,3,1,1,2.5
2.69,1,1.25,3,3
2.69,5,1,3,3
2.69,1,1,5,2.5
2.4,1,1,2,2.5
2.4,3,3,4,2
2.4,3,2.75,4,2.5
2.4,1,1,4,2
2.4,2,1.25,3,3.5
2.4,2,1.25,3,2.5
2.4,1,1.5,3,2.5
2.4,1,1,1,2
2.4,2,1.25,4,2
2.55,1,1.25,2,3
2.55,2,0.75,5,3
2.55,6,1,4,2.5
2.55,3,1.25,3,2
2.55,2,1.25,2,3
2.55,5,1.25,5,2.5
2.55,1,1,2,2
2.63,1,1,4,3
2.63,4,1,4,2.5
2.63,2,2.5,5,3.5
2.63,3,3,5,4
2.63,3,0.75,2,2
2.63,4,1,4,2
2.63,4,1.5,2,2.5
2.63,2,1,3,2.5
2.53,3,1,1,3
2.53,1,1,3,2
2.53,2,1.5,5,2
2.53,2,1,2,3
2.53,5,1.25,5,2
2.53,2,2.75,5,3
2.53,1,1,3,3.5
2.28,2,1.5,1,2
2.28,1,1,3,1.5
2.28,1,1.5,4,3
2.28,1,0.75,2,2
2.28,1,1.5,3,2.5
2.28,1,3.5,5,3
2.28,2,0.75,1,2.5
2.28,2,1.5,5,2.5
2.28,2,2.5,5,2
2.28,1,1.5,3,2.5
2.28,3,0.75,1,2
2.28,1,1.5,2,2.5
2.92,1,3.25,4,2.5
2.92,1,1,2,3
2.92,3,1.25,1,2.5
2.92,3,1.25,3,3.5
2.92,1,2,4,3
2.92,1,1,1,3
2.92,1,1.75,5,3
2.92,3,1.5,4,3
2.92,3,2.25,5,3
2.05,1,1.25,3,1.5
2.05,1,3.25,5,2
2.05,3,1.5,3,1
2.05,1,3.25,4,3
2.05,2,1.25,2,1.5
2.05,4,3,5,2.5
2.05,1,1.5,1,1
2.05,1,1,2,1.5
2.05,1,1,2,3
2.05,1,1.25,3,2.5
2.05,1,1.25,1,3
2.05,3,0.75,1,2.5
2.58,3,1,2,2
2.58,3,1,5,1.5
2.58,1,1,1,2
2.58,4,1.75,4,3
2.58,1,1.25,2,3
2.58,4,1.5,3,2.5
2.58,1,1,1,2.5
2.58,1,2.25,5,4
2.58,5,1,2,3
2.26,2,3.25,4,1.5
2.26,4,2.5,5,3.5
2.26,2,1,3,1.5
2.26,1,1.25,2,3
2.26,1,0.75,3,2
2.26,1,1,2,3
2.26,4,1,4,1.5
2.26,1,0.75,1,2
2.37,1,3.25,5,2.5
2.37,1,0.75,3,1.5
2.37,4,1.25,1,1.5
2.37,1,1,3,3
2.37,3,1.25,3,1.5
2.37,3,1,3,3.5
2.37,3,1.25,3,3
2.21,3,1.5,3,2.5
2.21,6,0.75,5,1.5
2.21,4,1.25,5,2
2.21,1,3.5,4,3
2.21,1,1.5,4,2
2.21,4,1,2,3
2.13,3,1,5,1
2.13,1,2.25,5,1.5
2.13,1,3,4,1.5
2.13,3,3.25,4,2.5
2.13,3,1.25,1,2
2.13,2,1.25,2,2
2.13,2,1.25,1,3
2.13,3,1,3,3
2.13,2,1,3,2
2.86,2,3,4,3
2.86,1,1,2,2.5
2.86,2,3,5,3
2.86,1,1.25,1,3
2.86,1,1.25,3,2.5
2.86,3,0.75,3,3
2.86,3,2.75,5,3
2.86,1,1,2,2
2.86,2,2.5,5,3
2.94,1,3.5,5,2.5
2.94,1,0.75,1,3.5
2.94,1,1,4,2.5
2.94,1,2,4,3.5
2.94,1,1,1,2
2.94,1,1.5,1,3.5
2.94,1,1,1,2.5
2.94,2,1,2,3.5
2.94,3,2.75,4,3.5
2.94,1,1,1,3
2.94,3,0.75,3,2.5
2.77,1,1.25,3,3
2.77,2,1,5,2
2.77,3,1,1,2.5
2.77,5,1.5,1,3
2.77,2,2.75,5,3.5
2.77,4,1.25,5,2.5
2.77,1,1.25,2,2.5
2.77,1,2.25,4,4
2.41,5,1.5,1,2.5
2.41,1,3,5,3
2.41,1,2.75,4,3.5
2.41,1,0.75,3,2.5
2.41,1,0.75,1,2
2.41,3,1.25,3,2.5
2.41,4,1.25,2,2
2.41,6,2,4,2.5
2.41,1,1.25,2,2.5
2.42,3,2.75,5,2
2.42,1,1.5,1,3
2.42,1,2,4,2
2.42,4,1.25,3,3
2.42,4,3.5,5,2
2.42,2,3,4,3
2.42,2,1,3,2
2.42,1,2.25,5,3
2.42,2,0.75,1,2
2.42,2,1.5,5,3
2.42,3,1.25,2,2
2.42,3,0.75,2,2
2.42,2,2.5,4,3.5
2.42,4,1,4,2
2.42,1,1.5,5,2
2.42,4,1.25,1,3
2.42,1,1.25,2,2
2.59,5,3.25,4,3
2.59,3,1.25,1,2.5
2.59,4,1,2,3.5
2.59,2,1.25,3,1.5
2.59,2,1,5,1.5
2.59,1,1,1,2.5
2.59,1,0.75,5,1.5
2.59,1,0.75,2,3
2.14,1,2.75,4,3
2.14,4,0.75,1,2.5
2.14,1,1,2,1.5
2.14,1,1,4,1
2.14,1,2,5,2
2.14,1,1.25,3,2.5
2.14,4,2,5,2
2.14,5,2.5,4,2.5
2.14,2,1.5,2,1.5
2.14,1,2.25,5,2.5
2.8,5,1,2,2
2.8,2,1.5,1,2.5
2.8,1,0.75,1,3
2.8,6,1.5,1,2.5
2.8,4,1.25,2,4
2.8,2,1,2,3.5
2.48,4,3.25,4,2
2.48,1,1.5,4,3.5
2.48,1,0.75,1,2
2.48,3,2.75,4,3.5
2.48,5,1.75,5,2.5
2.48,1,1.25,2,2.5
2.48,2,1,1,2
2.48,3,2,5,2
2.48,1,3,4,3.5
2.31,5,0.75,1,3
2.31,3,1.75,5,3.5
2.31,1,1,1,3
2.31,2,3.25,4,2
2.31,3,1,2,1.5
2.31,3,1.25,3,2.5
2.31,4,0.75,4,1.5
2.75,3,1,2,2.5
2.75,1,1.25,5,2
2.75,1,1,2,2.5
2.75,3,1,3,2.5
2.75,1,2.5,5,2.5
2.75,1,1,3,2.5
2.75,1,1.25,1,3
2.75,1,2.25,5,3.5
2.75,4,2.5,5,3.5
2.45,3,1.25,2,1.5
2.45,1,3,4,2
2.45,3,1.25,2,3
2.45,3,2.75,5,2.5
2.45,2,1,1,3.5
2.45,4,1.25,2,2.5
2.45,1,2.75,5,2
2.91,1,1,2,2.5
2.91,1,0.75,1,3
2.91,3,1.5,3,4
2.91,1,1.25,5,2
2.91,1,1,1,2.5
2.91,4,1.25,5,2
2.91,1,1,4,2.5
2.91,1,3,5,3.5
2.91,1,3.25,5,3
2.91,1,1.5,1,3
2.91,1,1,2,4
2.7,1,2.75,4,2.5
2.7,1,1.25,4,2
2.7,1,0.75,5,2
2.7,4,1,3,3
2.7,2,1.25,3,4
2.7,2,1,2,2
2.7,3,0.75,4,2.5
2.7,2,1,3,2.5
2.7,1,1,1,3.5
2.7,1,1,1,3
2.66,1,2,5,3
2.66,1,1,1,2
2.66,2,1.25,3,3
2.66,3,1.25,1,2.5
2.66,1,2.75,5,4
2.66,1,0.75,2,3.5
2.66,3,1,1,3
2.66,4,0.75,4,2
2.66,1,1,5,2
2.66,4,1.25,2,2.5
2.09,2,1,2,2
2.09,2,0.75,1,1
2.09,6,2,5,1.5
2.09,3,1,2,3
2.09,3,1.75,4,3
2.09,1,1.25,1,3
2.09,6,0.75,3,2
2.53,2,1,3,3.5
2.53,2,1,2,3
2.53,2,1,5,2
2.53,3,1.5,4,2
2.53,5,1.5,2,2.5
2.53,5,1.5,1,2.5
2.82,1,1.25,1,2.5
2.82,3,1,1,4
2.82,1,1,2,2.5
2.82,5,0.75,1,3
2.82,5,1.25,2,2
2.82,1,3,4,3.5
2.71,1,1.25,3,2.5
2.71,3,1.25,5,1.5
2.71,3,1.75,4,2.5
2.71,1,3.5,5,3
2.71,3,0.75,2,2.5
2.71,2,1,2,2.5
2.71,3,1.5,1,3.5
2.71,2,0.75,3,3.5
2.71,4,2.25,5,3
2.47,1,0.75,3,2
2.47,1,1,3,1.5
2.47,2,1.25,5,1.5
2.47,1,1,3,2
2.47,1,1.25,1,2
2.47,2,1.25,2,2.5
2.47,4,1.5,5,2.5
2.47,1,2,4,3.5
2.47,1,3,5,4
2.47,2,3.25,5,3
2.47,1,1,2,2.5
2.17,2,2,4,2
2.17,1,0.75,3,2.5
2.17,1,3.25,5,1.5
2.17,1,1.25,4,1
2.17,1,1,3,2.5
2.17,5,1.25,1,2
2.17,5,1,1,1.5
2.17,4,0.75,1,3
2.17,2,1.25,3,3
2.17,1,1.25,3,2.5
2.12,1,3.5,5,2
2.12,3,1.25,2,2
2.12,2,2,4,3
2.12,1,1,1,2.5
2.12,1,1,2,1.5
2.12,1,1.25,5,1
2.12,1,1.75,5,3
2.12,1,1,1,3
2.12,2,1.5,2,1
2.12,2,1.75,4,2
2.12,1,3.5,5,1.5
2.12,4,1,3,2.5
2.81,1,1.25,2,3
2.81,2,1.25,3,3
2.81,1,0.75,1,3
2.81,4,1.25,1,2
2.81,3,1.5,1,3
2.81,3,1.25,3,3
2.81,1,0.75,2,3.5
2.81,5,1.25,3,3
2.81,1,1.25,3,3
2.81,3,1,4,2.5
2.87,2,1,3,3
2.87,5,2,5,4
2.87,2,1,3,2
2.87,2,1.25,1,2
2.87,3,1.5,5,2.5
2.87,5,0.75,2,2
2.87,3,1.25,3,4
2.85,3,0.75,1,4
2.85,4,1.25,1,3
2.85,3,1.25,2,3
2.85,2,0.75,1,2.5
2.85,5,1.5,5,2
2.85,5,1.75,5,3
2.39,2,1.5,2,1.5
2.39,4,1.75,4,2.5
2.39,2,1.5,2,2
2.39,1,1.25,2,2
2.39,3,1.5,5,2
2.39,1,1.25,1,3.5
2.39,1,2,4,3.5
2.39,1,1,1,2.5
2.39,2,1,2,2
2.39,3,1.25,1,2.5
2.39,1,1.25,1,3.5
2.39,1,1,2,3
2.11,1,2.25,4,2
2.11,2,3,5,3
2.11,4,1,3,1
2.11,2,2.5,4,1.5
2.11,4,0.75,2,2.5
2.11,4,2.5,4,2.5
2.11,2,1,3,2.5
2.11,5,1,3,2
2.61,3,1.75,5,3.5
2.61,1,1.5,5,1.5
2.61,2,2,4,3
2.61,3,1,2,2
2.61,1,1,4,2
2.61,1,2,4,3
2.61,1,1.5,3,3
2.61,4,1,2,2.5
2.61,2,2.5,5,3
2.61,2,1.5,1,3
2.61,2,0.75,1,2
2.61,1,1.5,5,3
2.85,1,1,2,3.5
2.85,3,1,4,2
2.85,1,1,3,3.5
2.85,4,1,4,2
2.85,2,1.25,1,3.5
2.85,5,1.75,4,4
2.85,1,1,4,2.5
2.85,2,1.25,2,3.5
2.85,1,3.5,4,3
2.85,4,0.75,4,2
2.68,3,3,5,3
2.68,4,2,5,2
2.68,1,1,3,1
2.68,1,1.25,1,2.5
2.68,2,0.75,3,2.5
2.68,2,1,2,2
2.68,5,1.75,4,3
2.68,4,1.25,1,3.5
2.68,2,0.75,3,3
2.5,1,0.5,1,2.5
2.5,1,2,5,2.5
2.5,4,0.75,3,2.5
2.5,2,0.75,3,3
2.5,2,1.25,5,2
2.5,1,1.25,5,2.5
2.5,1,0.5,1,3
2.5,1,1,1,3.5
2.5,4,1.25,2,2.5
2.5,2,0.75,4,2
2.33,1,1,2,3
2.33,4,0.5,1,1.5
2.33,1,0.75,3,1.5
2.33,1,0.75,2,2.5
2.33,1,2.5,5,2
2.33,4,0.75,2,2.5
2.33,1,3,4,3.5
2.33,2,2.75,5,3
2.33,4,1.25,1,2
2.33,1,0.75,1,3
2.33,3,0.75,3,3
2.25,5,1.25,4,2.5
2.25,2,2.5,5,1.5
2.25,1,1,2,2
2.25,3,2,5,2
2.25,4,3,5,2
2.25,1,0.5,2,2
2.25,6,2.75,4,2.5
2.93,4,0.75,3,2
2.93,1,1,2,3
2.93,2,3,5,3.5
2.93,1,0.75,2,3
2.93,4,1,1,3
2.93,1,2.5,4,3
2.93,1,1,3,2.5
2.93,1,1.75,4,3.5
2.93,1,0.75,1,3.5
2.93,3,0.75,1,3.5
2.93,3,0.75,1,3.5
2.93,1,1.25,2,2
2.42,1,1.25,1,1.5
2.42,2,1.25,1,3.5
2.42,1,1.25,2,3
2.42,1,2.25,4,2
2.42,1,0.75,5,1.5
2.42,1,1,1,2
2.42,1,1,5,1.5
2.42,3,2.75,5,2
2.42,1,0.5,3,2.5
2.42,1,0.5,2,2
2.42,3,1.5,4,3.5
2.2,1,2.75,4,2.5
2.2,2,0.75,1,1.5
2.2,3,0.75,3,2.5
2.2,2,0.75,3,1
2.2,1,1,2,1.5
2.2,1,1,2,2.5
2.2,5,2.5,5,3
2.2,1,0.75,4,1
2.2,3,2.75,5,2
2.2,1,1,2,2
2.2,2,0.5,1,2.5
2.74,3,1.25,2,2.5
2.74,2,1.25,3,3
2.74,2,2,4,3.5
2.74,4,1,2,1.5
2.74,6,0.75,1,3.5
2.74,2,0.75,3,3
2.74,2,0.75,4,2
2.22,1,0.75,2,1
2.22,4,0.75,3,2
2.22,5,1.25,2,1
2.22,4,1.25,2,3
2.22,4,1,3,3
2.22,2,0.75,2,3
2.22,1,3,5,2
2.45,2,1,3,3
2.45,1,1.25,4,1.5
2.45,4,1.25,3,2.5
2.45,6,2.5,5,2.5
2.45,5,1,1,2
2.45,1,1,2,2.5
2.45,4,0.75,1,3
2.22,2,2,5,2.5
2.22,2,0.75,1,2.5
2.22,2,0.75,2,2
2.22,1,1,1,2
2.22,1,1,2,3
2.22,1,1.25,1,1.5
2.22,1,2,5,2
2.22,3,0.75,4,1.5
2.22,1,2.5,4,3
2.22,2,1.25,1,2
2.22,1,1,3,3
2.22,3,2.5,4,2.5
2.26,3,0.5,3,2.5
2.26,1,1,1,0.5
2.26,1,0.75,2,1
2.26,4,2.5,5,2.5
2.26,3,0.75,1,1
2.26,1,1.75,4,3
2.26,3,1.75,5,2.5
2.26,2,1,1,3
2.26,3,0.75,3,3
2.26,1,2.75,4,1.5
2.27,1,0.75,3,2.5
2.27,2,0.75,1,1.5
2.27,1,2.25,5,2
2.27,5,2.5,5,1.5
2.27,3,2,4,1.5
2.27,5,1.75,4,3
2.27,5,0.75,1,3
2.82,1,1,4,2
2.82,1,0.75,3,3.5
2.82,4,0.5,3,2.5
2.82,4,1,2,3.5
2.82,4,1,1,2.5
2.82,1,0.5,2,3
2.82,1,1,5,2
2.82,2,1,3,3
2.82,1,1.25,5,2
2.82,1,1,3,3
2.82,1,0.75,3,3.5
2.54,5,1.25,1,3
2.54,4,1,1,1
2.54,6,0.5,3,3
2.54,1,1.75,4,2.5
2.54,2,0.75,1,2.5
2.54,2,1,1,3.5
2.1,1,0.5,2,1.5
2.1,1,0.75,1,2.5
2.1,2,0.75,3,1.5
2.1,1,1.5,4,1
2.1,3,0.75,1,2.5
2.1,3,1,1,2.5
2.1,1,2.75,5,2.5
2.1,1,0.75,4,1
2.1,1,0.75,1,1.5
2.1,3,1.25,3,3
2.1,1,0.5,2,1
2.42,1,1,2,2.5
2.42,1,2.25,4,2.5
2.42,3,0.5,3,3
2.42,1,1,2,3.5
2.42,3,1,5,1.5
2.42,1,1,2,2
2.42,1,1.25,1,2.5
2.42,3,1,1,2.5
2.42,2,0.5,2,2.5
2.76,1,1,5,2
2.76,5,1,2,3
2.76,3,0.5,2,3.5
2.76,3,1,4,2.5
2.76,1,1,2,3.5
2.76,1,1,3,3
2.76,1,0.75,1,2
2.76,2,0.75,2,3
2.76,6,0.5,2,2.5
2.76,1,1,3,2
2.17,2,0.75,3,2
2.17,1,0.5,2,2
2.17,1,1,3,2.5
2.17,1,0.75,3,3
2.17,1,1.25,2,2
2.17,3,0.75,3,2
2.17,1,1.25,5,2.5
2.17,3,2,5,2
2.17,1,1.25,3,2
2.17,1,1,3,3
2.17,4,0.75,3,2.5
2.17,3,0.5,1,1.5
2.74,1,1,1,3.5
2.74,1,0.5,2,3.5
2.74,1,0.5,3,2
2.74,1,1,1,2.5
2.74,1,1,2,2
2.74,3,0.5,2,2.5
2.74,1,0.75,3,4
2.74,1,1.25,3,2.5
2.74,1,1.25,1,4
2.74,1,0.75,5,2.5
2.74,1,0.5,1,2.5
2.74,3,0.75,5,2.5
2.62,1,1,2,2
2.62,1,0.75,1,3
2.62,1,2.5,4,2.5
2.62,1,0.5,1,2.5
2.62,4,0.75,3,2.5
2.62,3,1.25,3,2
2.62,1,0.75,3,2.5
2.62,3,1.5,4,3
2.62,2,1.25,4,2.5
2.62,3,1.25,4,3
2.78,1,1.75,4,2.5
2.78,1,0.5,3,3
2.78,3,0.75,1,1.5
2.78,1,2.75,4,3
2.78,1,1.75,4,3.5
2.78,1,1,1,3.5
2.78,2,1.25,2,3
2.78,1,3,5,3
2.78,1,1,5,2.5
2.78,1,0.75,3,3.5
2.78,2,0.75,5,2.5
2.78,1,3,4,4
2.55,2,1,4,2
2.55,1,2.25,4,3.5
2.55,3,1,2,2.5
2.55,4,1,2,1.5
2.55,1,1,3,1.5
2.55,4,1,2,3
2.55,2,0.75,1,3.5
2.55,5,0.75,3,3
2.49,3,0.75,2,1.5
2.49,2,2.25,5,2.5
2.49,1,0.75,4,1.5
2.49,3,2,5,2
2.49,1,0.75,3,4
2.49,1,0.75,3,2
2.49,1,1.25,3,2.5
2.49,2,0.75,1,3.5
2.49,1,1.75,5,3.5
2.49,3,1.25,1,3
2,2,1.25,2,2.5
2,1,2.5,5,2.5
2,1,1.25,2,1
2,3,1.75,4,2.5
2,1,1.25,1,2
2,1,0.75,2,2
2,1,1.5,5,1.5
2,3,1.5,4,2
2,1,1,2,2
2,1,0.75,3,2.5
2,3,0.75,1,1.5
2,2,0.5,3,2.5
2,1,1.25,2,1
2,3,1,3,2
2,4,0.5,1,2.5
2,4,2,4,2.5
2,4,1.5,4,2
2,4,1.25,2,1
2,1,0.75,1,2.5
2,1,2.25,4,2.5
2,4,1,3,2
2,1,1,2,1.5
2,4,0.75,1,3
2,1,1.25,3,3
2,2,0.75,2,2.5
2,3,1.25,3,1
2,1,2.75,5,2
2,1,0.5,2,2.5
2,4,1.25,2,1
2,1,2.75,4,3
2,1,1,1,2
2,1,2.25,5,1.5
2,1,1,1,1.5
2,3,1.25,1,1
2,1,2.5,5,3
2,4,2,5,2
2,4,1.25,4,2.5
2,2,1.25,2,1
2,1,0.75,3,2
2,4,1.25,4,2
2,5,1,1,2.5
2,1,1.25,2,2
2,1,2.5,5,2
2,4,1.75,4,2.5
2,4,1.25,1,1.5
2,5,0.5,2,1.5
2,1,1.25,2,1
2,4,2.75,4,2
2,3,2,4,3
2,1,1.25,2,2.5
2,2,1.75,5,3
2,3,1,3,1.5
2,4,0.75,2,2
2,3,1.25,4,2.5
2,5,1.25,3,2
2,2,0.75,2,2
2,1,2.5,4,1.5
2,1,1.5,4,2
2,4,2.25,5,1.5
2,1,1.25,4,1.5
2,1,0.5,3,3
2,1,1.25,5,1.5
2,4,1.25,3,1.5
2,1,0.75,2,2
2,2,1.25,1,3
2,1,0.5,3,2
2,2,1,3,3
2,2,0.75,2,2
2,1,3,5,2.5
2,2,0.75,1,1.5
2,5,2.25,5,1.5
2,1,1,2,1.5
2,4,1,3,2.5
2,3,1,3,2.5
2,2,1.25,2,1.5
2,1,1.25,1,1.5
2,2,0.5,3,3
2,1,1.25,3,1.5
2,1,0.75,1,1.5
2,3,1.25,2,2.5
2,2,2.25,4,2
2,4,1.25,4,1
2,4,2,4,2
2,2,2,5,3.5
2,2,2.25,4,2.5
2,1,1,3,2
2,1,1.25,5,1.5
2,2,1,3,1
2,1,0.5,1,2
2,5,1.25,5,0.5
2,2,2.25,5,3
2,5,1.25,3,3
2,5,1.75,5,2.5
2,3,1,2,1
2,2,2.25,5,2
2,1,0.75,3,2.5
2,1,0.75,3,1.5
2,4,0.5,1,1.5
2,2,3,5,2.5
2,4,2.75,4,3
2,1,1,2,1.5
2,1,0.75,2,2.5
2,4,2.5,4,1.5
2,1,0.5,3,3
2,1,0.25,2,2
2,4,2.5,4,2.5
2,1,1,5,0.5
2,2,1,4,0.5
2,1,0.25,3,2
2,5,0.25,3,2.5
2,1,0.5,1,2.5
2,4,0.75,1,2
2,1,1,2,1
2,1,0.25,3,2.5
2,3,0.75,2,2
2,2,1,2,1
2,3,0.25,2,2.5
2,3,0.75,1,2.5
2,5,1,5,2
1,3,0.75,3,0.5
1,3,1,2,1
1,1,0.25,2,0.5
1,5,1,1,0.5
1,3,1.25,5,1
1,6,0.5,2,1.5
1,2,0.75,2,2
1,4,0.5,1,0.5
1,1,1.75,5,2
1,1,1.25,4,2.5
1,3,1.75,5,1.5
1,2,1,1,0.5
1,5,0.75,3,1
1,1,0.75,1,1.5
1,1,0.75,2,0.5
1,3,1,3,1
1,4,1.5,4,1.5
1,1,0.75,2,0.5
1,3,1,1,1
1,2,0.25,1,1
1,1,0.5,1,2
1,4,0.75,3,0.5
1,1,0.5,2,1
1,4,0.5,1,1
1,1,1.25,4,1
1,3,0.25,3,0.5
1,2,1,1,0.5
1,3,1.75,5,2
1,4,0.75,1,1.5
1,4,0.25,3,0.5
1,1,2.5,5,1
1,3,0.5,3,1.5
1,4,0.5,2,0.5
1,4,2,4,1
1,5,0.25,1,1
1,4,0.5,3,1
1,2,0.75,1,1.5
1,1,0.25,2,0.5
1,2,2.25,5,0.5
1,3,1.75,5,1.5
1,5,0.75,3,1
1,3,0.5,1,0.5
1,1,1.5,4,1.5
1,1,1.5,4,0.5
1,4,1.5,5,0.5
1,5,0.75,3,1
1,2,2,4,0.5
1,3,0.5,2,0.5
1,2,2.25,5,2
1,5,2.25,5,1.5
1,1,1,2,0.5
1,1,1.75,5,0.5
1,1,0.25,1,1.5
1,1,2.25,4,1.5
1,1,0.5,2,1
1,1,1,3,2
1,1,0.5,1,0.5
1,1,0.25,3,0.5
1,1,1.75,5,0.5
1,3,0.75,2,0.5
1,1,0.75,2,1
1,3,2.75,5,2
1,5,2.75,5,1.5
1,4,1,1,1
1,6,1,3,1.5
1,2,2.75,4,0.5
1,6,1.75,5,0.5
1,1,0.75,1,1
1,1,0.5,2,1
1,4,1.5,4,0.5
1,2,1.25,4,2
1,1,1.25,4,1
1,3,0.25,1,1.5
1,2,0.25,2,0.5
1,2,1,3,1.5
1,1,0.25,1,1
1,2,0.5,3,0.5
1,3,0.25,3,1
1,1,1,2,1.5
1,4,0.75,1,0.5
1,4,2.75,5,1
1,5,0.5,1,1
1,4,0.25,3,1
1,2,1.25,4,1.5
1,2,0.5,2,1
1,1,1.5,4,0.5
1,1,0.75,2,0.5
1,1,2.75,5,0.5
1,4,2.75,5,1
1,1,2.5,4,1.5
1,4,0.5,1,1.5
1,1,0.75,2,1.5
1,2,2,5,1
1,1,0.5,3,0.5
1,1,1.5,4,1
1,2,2.25,4,1
1,1,0.5,1,1.5
1,1,1,3,0.5
1,2,0.75,1,1
1,1,1.75,4,1.5
1,1,0.5,3,1.5
1,2,0.5,3,2
1,1,0.25,3,0.5
1,3,0.5,2,1
1,1,0.25,2,0.5
1,3,2,5,0.5
1,4,0.75,2,1
1,1,2.25,5,1.5
1,1,0.5,2,0.5
1,2,0.75,3,0.5
1,1,0.5,1,1
1,4,1.5,5,1.5
1,1,0.5,2,1
1,1,0.5,3,0.5
1,2,1,3,1.5
1,5,2,4,0.5
1,1,1,5,1.5
1,3,2.75,4,1.5
1,2,0.75,3,0.5
1,1,1,1,1
1,2,0.5,3,1.5
1,1,2.25,4,0.5
1,1,1.5,5,0.5
1,4,1.5,5,0.5
1,3,0.5,3,1.5
1,1,1.25,5,2.5
1,1,0.75,3,2
1,3,0.25,1,0.5
1,1,0.25,3,1
1,1,0.75,3,1
1,2,2,4,2
1,1,2.75,5,1
1,1,0.25,3,0.5
1,5,0.25,3,1
1,1,0.25,2,1
1,5,1.5,5,0.5
1,3,0.75,2,1.5
1,1,0.75,1,1
1,2,2.25,4,1
1,2,0.25,3,1.5
1,1,0.5,2,0.5
1,1,0.25,1,1.5
1,1,1.25,5,1
1,3,1.5,4,0.5
1,3,0.5,1,2
1,2,0.25,1,0.5
1,3,0.75,5,0.5
1,1,2,5,1
1,1,0.25,2,1
1,1,0.25,3,0.5
1,1,0.75,3,0.5
1,3,0.75,1,1.5
1,1,0.25,2,1.5
1,3,0.75,3,0.5
1,2,0.5,3,1
1,1,0.5,2,0.5
1,1,0.75,3,1.5
1,2,0.75,2,1.5
